USE FlowMeter;
GO

-- Users
INSERT INTO dbo.Users (employee_id, email, password_hash, full_name, role)
VALUES
    ('EMP-000001', 'admin@flowmeter.com', '$2b$10$AsgraeAYHneLxPYwScNg1O3ut/K6ShiuVbTyvlNHe1DjGUUBz/p6G', 'System Administrator', 'admin'),
    ('EMP-000002', 'staff@flowmeter.com', '$2b$10$AsgraeAYHneLxPYwScNg1O3ut/K6ShiuVbTyvlNHe1DjGUUBz/p6G', 'Administrative Staff', 'staff'),
    ('EMP-000003', 'officer@flowmeter.com', '$2b$10$AsgraeAYHneLxPYwScNg1O3ut/K6ShiuVbTyvlNHe1DjGUUBz/p6G', 'Field Officer', 'officer'),
    ('EMP-000004', 'cashier@flowmeter.com', '$2b$10$AsgraeAYHneLxPYwScNg1O3ut/K6ShiuVbTyvlNHe1DjGUUBz/p6G', 'Billing Clerk', 'cashier'),
    ('EMP-000005', 'manager@flowmeter.com', '$2b$10$AsgraeAYHneLxPYwScNg1O3ut/K6ShiuVbTyvlNHe1DjGUUBz/p6G', 'General Manager', 'manager');
GO

-- Tariffs
INSERT INTO dbo.Tariffs (utility_type, customer_type, rate_per_unit, tax_percentage, effective_from)
VALUES
    ('electricity', 'household', 0.15, 10.00, '2025-01-01'),
    ('water', 'household', 0.05, 10.00, '2025-01-01'),
    ('gas', 'household', 0.12, 10.00, '2025-01-01');
GO

-- Customers
INSERT INTO dbo.Customers (name, email, phone, address, status, balance)
VALUES
    ('Joshua Lee', 'joshua.lee1@example.com', '+1 555 0001', '348 Elm St, City', 'active', 0.0),
    ('Susan Parker', 'susan.parker2@example.com', '+1 555 0002', '788 Elm St, City', 'active', 0.0),
    ('Emily Scott', 'emily.scott3@example.com', '+1 555 0003', '241 Maple St, City', 'active', 0.0),
    ('Charles Anderson', 'charles.anderson4@example.com', '+1 555 0004', '340 Elm St, City', 'active', 0.0),
    ('James Stewart', 'james.stewart5@example.com', '+1 555 0005', '679 Main St, City', 'active', 0.0),
    ('Joshua King', 'joshua.king6@example.com', '+1 555 0006', '953 Oak St, City', 'active', 0.0),
    ('Stephanie Phillips', 'stephanie.phillips7@example.com', '+1 555 0007', '978 Pine St, City', 'active', 0.0),
    ('Barbara Lewis', 'barbara.lewis8@example.com', '+1 555 0008', '950 Oak St, City', 'active', 0.0),
    ('John Wilson', 'john.wilson9@example.com', '+1 555 0009', '967 Oak St, City', 'active', 0.0),
    ('Linda Jackson', 'linda.jackson10@example.com', '+1 555 0010', '176 Elm St, City', 'active', 0.0),
    ('Edward King', 'edward.king11@example.com', '+1 555 0011', '104 Pine St, City', 'active', 0.0),
    ('Michelle Campbell', 'michelle.campbell12@example.com', '+1 555 0012', '328 Oak St, City', 'active', 0.0),
    ('Jennifer King', 'jennifer.king13@example.com', '+1 555 0013', '392 Elm St, City', 'active', 0.0),
    ('Deborah Campbell', 'deborah.campbell14@example.com', '+1 555 0014', '350 Maple St, City', 'active', 0.0),
    ('Joseph Martinez', 'joseph.martinez15@example.com', '+1 555 0015', '211 Main St, City', 'active', 0.0),
    ('Mark Garcia', 'mark.garcia16@example.com', '+1 555 0016', '609 Pine St, City', 'active', 0.0),
    ('Barbara Lee', 'barbara.lee17@example.com', '+1 555 0017', '428 Elm St, City', 'active', 0.0),
    ('Barbara Gonzalez', 'barbara.gonzalez18@example.com', '+1 555 0018', '820 Elm St, City', 'active', 0.0),
    ('Jennifer Lee', 'jennifer.lee19@example.com', '+1 555 0019', '536 Maple St, City', 'active', 0.0),
    ('Michael Lopez', 'michael.lopez20@example.com', '+1 555 0020', '173 Maple St, City', 'active', 0.0),
    ('Michelle Nelson', 'michelle.nelson21@example.com', '+1 555 0021', '880 Main St, City', 'active', 0.0),
    ('Nancy Hernandez', 'nancy.hernandez22@example.com', '+1 555 0022', '586 Maple St, City', 'active', 0.0),
    ('Ashley Wilson', 'ashley.wilson23@example.com', '+1 555 0023', '155 Elm St, City', 'active', 0.0),
    ('Edward Hill', 'edward.hill24@example.com', '+1 555 0024', '777 Main St, City', 'active', 0.0),
    ('Mary Brown', 'mary.brown25@example.com', '+1 555 0025', '516 Pine St, City', 'active', 0.0),
    ('Matthew Martin', 'matthew.martin26@example.com', '+1 555 0026', '723 Elm St, City', 'active', 0.0),
    ('Charles Edwards', 'charles.edwards27@example.com', '+1 555 0027', '705 Pine St, City', 'active', 0.0),
    ('Stephanie Jackson', 'stephanie.jackson28@example.com', '+1 555 0028', '561 Elm St, City', 'active', 0.0),
    ('Elizabeth Campbell', 'elizabeth.campbell29@example.com', '+1 555 0029', '759 Elm St, City', 'active', 0.0),
    ('Karen Miller', 'karen.miller30@example.com', '+1 555 0030', '283 Pine St, City', 'active', 0.0),
    ('Melissa Thomas', 'melissa.thomas31@example.com', '+1 555 0031', '714 Oak St, City', 'active', 0.0),
    ('Mark Jones', 'mark.jones32@example.com', '+1 555 0032', '321 Main St, City', 'active', 0.0),
    ('Mark Taylor', 'mark.taylor33@example.com', '+1 555 0033', '805 Elm St, City', 'active', 0.0),
    ('Christopher White', 'christopher.white34@example.com', '+1 555 0034', '266 Oak St, City', 'active', 0.0),
    ('Jennifer Parker', 'jennifer.parker35@example.com', '+1 555 0035', '673 Maple St, City', 'active', 0.0),
    ('Andrew Carter', 'andrew.carter36@example.com', '+1 555 0036', '276 Main St, City', 'active', 0.0),
    ('Stephanie Green', 'stephanie.green37@example.com', '+1 555 0037', '102 Pine St, City', 'active', 0.0),
    ('Mark Edwards', 'mark.edwards38@example.com', '+1 555 0038', '513 Oak St, City', 'active', 0.0),
    ('Joseph Davis', 'joseph.davis39@example.com', '+1 555 0039', '803 Maple St, City', 'active', 0.0),
    ('Carol Johnson', 'carol.johnson40@example.com', '+1 555 0040', '389 Pine St, City', 'active', 0.0),
    ('Michelle Robinson', 'michelle.robinson41@example.com', '+1 555 0041', '269 Maple St, City', 'active', 0.0),
    ('Ashley Jones', 'ashley.jones42@example.com', '+1 555 0042', '612 Maple St, City', 'active', 0.0),
    ('Andrew Stewart', 'andrew.stewart43@example.com', '+1 555 0043', '667 Main St, City', 'active', 0.0),
    ('Betty Miller', 'betty.miller44@example.com', '+1 555 0044', '603 Main St, City', 'active', 0.0),
    ('Michael Johnson', 'michael.johnson45@example.com', '+1 555 0045', '924 Maple St, City', 'active', 0.0),
    ('Susan Lewis', 'susan.lewis46@example.com', '+1 555 0046', '705 Maple St, City', 'active', 0.0),
    ('Elizabeth Davis', 'elizabeth.davis47@example.com', '+1 555 0047', '906 Elm St, City', 'active', 0.0),
    ('George Martinez', 'george.martinez48@example.com', '+1 555 0048', '171 Oak St, City', 'active', 0.0),
    ('Amanda Perez', 'amanda.perez49@example.com', '+1 555 0049', '460 Maple St, City', 'active', 0.0),
    ('Jennifer Young', 'jennifer.young50@example.com', '+1 555 0050', '837 Oak St, City', 'active', 0.0),
    ('Ashley Hernandez', 'ashley.hernandez51@example.com', '+1 555 0051', '731 Elm St, City', 'active', 0.0),
    ('Brian Hall', 'brian.hall52@example.com', '+1 555 0052', '497 Main St, City', 'active', 0.0),
    ('Carol Jones', 'carol.jones53@example.com', '+1 555 0053', '500 Pine St, City', 'active', 0.0),
    ('Steven Rodriguez', 'steven.rodriguez54@example.com', '+1 555 0054', '339 Elm St, City', 'active', 0.0),
    ('Barbara Hill', 'barbara.hill55@example.com', '+1 555 0055', '936 Main St, City', 'active', 0.0),
    ('Joshua Lewis', 'joshua.lewis56@example.com', '+1 555 0056', '594 Elm St, City', 'overdue', 0.0),
    ('Edward Allen', 'edward.allen57@example.com', '+1 555 0057', '624 Elm St, City', 'overdue', 0.0),
    ('Edward Lee', 'edward.lee58@example.com', '+1 555 0058', '817 Oak St, City', 'overdue', 0.0),
    ('Joshua Collins', 'joshua.collins59@example.com', '+1 555 0059', '838 Maple St, City', 'overdue', 0.0),
    ('Melissa Rodriguez', 'melissa.rodriguez60@example.com', '+1 555 0060', '775 Elm St, City', 'overdue', 0.0);
GO

-- Meters
INSERT INTO dbo.Meters (serial_number, customer_id, utility_type, location, status, install_date)
VALUES
    ('ELE-2023-000001', 1, 'electricity', '348 Elm St, City', 'active', '2023-01-15'),
    ('WAT-2023-000002', 2, 'water', '788 Elm St, City', 'active', '2023-01-16'),
    ('GAS-2023-000003', 3, 'gas', '241 Maple St, City', 'active', '2023-01-17'),
    ('ELE-2023-000004', 4, 'electricity', '340 Elm St, City', 'active', '2023-01-18'),
    ('WAT-2023-000005', 5, 'water', '679 Main St, City', 'active', '2023-01-19'),
    ('GAS-2023-000006', 6, 'gas', '953 Oak St, City', 'active', '2023-01-20'),
    ('ELE-2023-000007', 7, 'electricity', '978 Pine St, City', 'active', '2023-01-21'),
    ('WAT-2023-000008', 8, 'water', '950 Oak St, City', 'active', '2023-01-22'),
    ('GAS-2023-000009', 9, 'gas', '967 Oak St, City', 'active', '2023-01-23'),
    ('ELE-2023-000010', 10, 'electricity', '176 Elm St, City', 'active', '2023-01-24'),
    ('WAT-2023-000011', 11, 'water', '104 Pine St, City', 'active', '2023-01-25'),
    ('GAS-2023-000012', 12, 'gas', '328 Oak St, City', 'active', '2023-01-26'),
    ('ELE-2023-000013', 13, 'electricity', '392 Elm St, City', 'active', '2023-01-27'),
    ('WAT-2023-000014', 14, 'water', '350 Maple St, City', 'active', '2023-01-28'),
    ('GAS-2023-000015', 15, 'gas', '211 Main St, City', 'active', '2023-01-29'),
    ('ELE-2023-000016', 16, 'electricity', '609 Pine St, City', 'active', '2023-01-30'),
    ('WAT-2023-000017', 17, 'water', '428 Elm St, City', 'active', '2023-01-31'),
    ('GAS-2023-000018', 18, 'gas', '820 Elm St, City', 'active', '2023-02-01'),
    ('ELE-2023-000019', 19, 'electricity', '536 Maple St, City', 'active', '2023-02-02'),
    ('WAT-2023-000020', 20, 'water', '173 Maple St, City', 'active', '2023-02-03'),
    ('GAS-2023-000021', 21, 'gas', '880 Main St, City', 'active', '2023-02-04'),
    ('ELE-2023-000022', 22, 'electricity', '586 Maple St, City', 'active', '2023-02-05'),
    ('WAT-2023-000023', 23, 'water', '155 Elm St, City', 'active', '2023-02-06'),
    ('GAS-2023-000024', 24, 'gas', '777 Main St, City', 'active', '2023-02-07'),
    ('ELE-2023-000025', 25, 'electricity', '516 Pine St, City', 'active', '2023-02-08'),
    ('WAT-2023-000026', 26, 'water', '723 Elm St, City', 'active', '2023-02-09'),
    ('GAS-2023-000027', 27, 'gas', '705 Pine St, City', 'active', '2023-02-10'),
    ('ELE-2023-000028', 28, 'electricity', '561 Elm St, City', 'active', '2023-02-11'),
    ('WAT-2023-000029', 29, 'water', '759 Elm St, City', 'active', '2023-02-12'),
    ('GAS-2023-000030', 30, 'gas', '283 Pine St, City', 'active', '2023-02-13'),
    ('ELE-2023-000031', 31, 'electricity', '714 Oak St, City', 'active', '2023-02-14'),
    ('WAT-2023-000032', 32, 'water', '321 Main St, City', 'active', '2023-02-15'),
    ('GAS-2023-000033', 33, 'gas', '805 Elm St, City', 'active', '2023-02-16'),
    ('ELE-2023-000034', 34, 'electricity', '266 Oak St, City', 'active', '2023-02-17'),
    ('WAT-2023-000035', 35, 'water', '673 Maple St, City', 'active', '2023-02-18'),
    ('GAS-2023-000036', 36, 'gas', '276 Main St, City', 'active', '2023-02-19'),
    ('ELE-2023-000037', 37, 'electricity', '102 Pine St, City', 'active', '2023-02-20'),
    ('WAT-2023-000038', 38, 'water', '513 Oak St, City', 'active', '2023-02-21'),
    ('GAS-2023-000039', 39, 'gas', '803 Maple St, City', 'active', '2023-02-22'),
    ('ELE-2023-000040', 40, 'electricity', '389 Pine St, City', 'active', '2023-02-23'),
    ('WAT-2023-000041', 41, 'water', '269 Maple St, City', 'active', '2023-02-24'),
    ('GAS-2023-000042', 42, 'gas', '612 Maple St, City', 'active', '2023-02-25'),
    ('ELE-2023-000043', 43, 'electricity', '667 Main St, City', 'active', '2023-02-26'),
    ('WAT-2023-000044', 44, 'water', '603 Main St, City', 'active', '2023-02-27'),
    ('GAS-2023-000045', 45, 'gas', '924 Maple St, City', 'active', '2023-02-28'),
    ('ELE-2023-000046', 46, 'electricity', '705 Maple St, City', 'active', '2023-03-01'),
    ('WAT-2023-000047', 47, 'water', '906 Elm St, City', 'active', '2023-03-02'),
    ('GAS-2023-000048', 48, 'gas', '171 Oak St, City', 'active', '2023-03-03'),
    ('ELE-2023-000049', 49, 'electricity', '460 Maple St, City', 'active', '2023-03-04'),
    ('WAT-2023-000050', 50, 'water', '837 Oak St, City', 'active', '2023-03-05'),
    ('GAS-2023-000051', 51, 'gas', '731 Elm St, City', 'active', '2023-03-06'),
    ('ELE-2023-000052', 52, 'electricity', '497 Main St, City', 'active', '2023-03-07'),
    ('WAT-2023-000053', 53, 'water', '500 Pine St, City', 'active', '2023-03-08'),
    ('GAS-2023-000054', 54, 'gas', '339 Elm St, City', 'active', '2023-03-09'),
    ('ELE-2023-000055', 55, 'electricity', '936 Main St, City', 'active', '2023-03-10'),
    ('WAT-2023-000056', 56, 'water', '594 Elm St, City', 'active', '2023-03-11'),
    ('GAS-2023-000057', 57, 'gas', '624 Elm St, City', 'active', '2023-03-12'),
    ('ELE-2023-000058', 58, 'electricity', '817 Oak St, City', 'active', '2023-03-13'),
    ('WAT-2023-000059', 59, 'water', '838 Maple St, City', 'active', '2023-03-14'),
    ('GAS-2023-000060', 60, 'gas', '775 Elm St, City', 'active', '2023-03-15');
GO

-- Readings
INSERT INTO dbo.Readings (meter_id, reading_value, reading_date, consumption, status, created_by)
VALUES
    (1, 4472, '2025-07-16', 300, 'verified', 5),
    (2, 4414, '2025-07-16', 300, 'verified', 1),
    (3, 4773, '2025-07-16', 193, 'verified', 2),
    (4, 3099, '2025-07-16', 272, 'verified', 3),
    (5, 4373, '2025-07-16', 111, 'verified', 5),
    (6, 1947, '2025-07-16', 71, 'verified', 1),
    (7, 3483, '2025-07-16', 146, 'verified', 1),
    (8, 1743, '2025-07-16', 241, 'verified', 1),
    (9, 4725, '2025-07-16', 255, 'verified', 4),
    (10, 3850, '2025-07-16', 132, 'verified', 1),
    (11, 4301, '2025-07-16', 145, 'verified', 5),
    (12, 4827, '2025-07-16', 254, 'verified', 1),
    (13, 2765, '2025-07-16', 280, 'verified', 5),
    (14, 3510, '2025-07-16', 103, 'verified', 1),
    (15, 4621, '2025-07-16', 124, 'verified', 2),
    (16, 1332, '2025-07-16', 65, 'verified', 4),
    (17, 2765, '2025-07-16', 211, 'verified', 2),
    (18, 3028, '2025-07-16', 117, 'verified', 3),
    (19, 4078, '2025-07-16', 69, 'verified', 1),
    (20, 1711, '2025-07-16', 113, 'verified', 2),
    (21, 3476, '2025-07-16', 298, 'verified', 4),
    (22, 2948, '2025-07-16', 144, 'verified', 1),
    (23, 4055, '2025-07-16', 279, 'verified', 2),
    (24, 2321, '2025-07-16', 106, 'verified', 2),
    (25, 1656, '2025-07-16', 62, 'verified', 3),
    (26, 2212, '2025-07-16', 292, 'verified', 5),
    (27, 3571, '2025-07-16', 257, 'verified', 5),
    (28, 4141, '2025-07-16', 243, 'verified', 3),
    (29, 1974, '2025-07-16', 156, 'verified', 1),
    (30, 2254, '2025-07-16', 266, 'verified', 1),
    (31, 1740, '2025-07-16', 108, 'verified', 3),
    (32, 3332, '2025-07-16', 108, 'verified', 1),
    (33, 1449, '2025-07-16', 248, 'verified', 4),
    (34, 1639, '2025-07-16', 100, 'verified', 5),
    (35, 2922, '2025-07-16', 226, 'verified', 2),
    (36, 2124, '2025-07-16', 58, 'verified', 3),
    (37, 2243, '2025-07-16', 289, 'verified', 1),
    (38, 1388, '2025-07-16', 291, 'verified', 2),
    (39, 2020, '2025-07-16', 113, 'verified', 5),
    (40, 3275, '2025-07-16', 213, 'verified', 3),
    (41, 3630, '2025-07-16', 75, 'verified', 4),
    (42, 1225, '2025-07-16', 110, 'verified', 3),
    (43, 4280, '2025-07-16', 96, 'verified', 1),
    (44, 3992, '2025-07-16', 221, 'verified', 5),
    (45, 3754, '2025-07-16', 289, 'verified', 4),
    (46, 3137, '2025-07-16', 123, 'verified', 2),
    (47, 1921, '2025-07-16', 72, 'verified', 2),
    (48, 4795, '2025-07-16', 140, 'verified', 2),
    (49, 4462, '2025-07-16', 297, 'verified', 5),
    (50, 3412, '2025-07-16', 206, 'verified', 4),
    (51, 3171, '2025-07-16', 134, 'verified', 4),
    (52, 2375, '2025-07-16', 147, 'verified', 2),
    (53, 5048, '2025-07-16', 56, 'verified', 4),
    (54, 2500, '2025-07-16', 52, 'verified', 2),
    (55, 2527, '2025-07-16', 125, 'verified', 3),
    (56, 2818, '2025-07-16', 150, 'verified', 2),
    (57, 2242, '2025-07-16', 280, 'verified', 4),
    (58, 4058, '2025-07-16', 192, 'verified', 4),
    (59, 4673, '2025-07-16', 259, 'verified', 3),
    (60, 2746, '2025-07-16', 127, 'verified', 1),
    (1, 4637, '2025-08-15', 165, 'verified', 3),
    (2, 4707, '2025-08-15', 293, 'verified', 4),
    (3, 4826, '2025-08-15', 53, 'verified', 4),
    (4, 3178, '2025-08-15', 79, 'verified', 2),
    (5, 4429, '2025-08-15', 56, 'verified', 5),
    (6, 2160, '2025-08-15', 213, 'verified', 5),
    (7, 3688, '2025-08-15', 205, 'verified', 2),
    (8, 1868, '2025-08-15', 125, 'verified', 5),
    (9, 4909, '2025-08-15', 184, 'verified', 5),
    (10, 3955, '2025-08-15', 105, 'verified', 5),
    (11, 4380, '2025-08-15', 79, 'verified', 5),
    (12, 4978, '2025-08-15', 151, 'verified', 2),
    (13, 2984, '2025-08-15', 219, 'verified', 4),
    (14, 3637, '2025-08-15', 127, 'verified', 3),
    (15, 4700, '2025-08-15', 79, 'verified', 5),
    (16, 1404, '2025-08-15', 72, 'verified', 2),
    (17, 2875, '2025-08-15', 110, 'verified', 2),
    (18, 3230, '2025-08-15', 202, 'verified', 4),
    (19, 4128, '2025-08-15', 50, 'verified', 3),
    (20, 1876, '2025-08-15', 165, 'verified', 2),
    (21, 3583, '2025-08-15', 107, 'verified', 3),
    (22, 3173, '2025-08-15', 225, 'verified', 3),
    (23, 4228, '2025-08-15', 173, 'verified', 2),
    (24, 2543, '2025-08-15', 222, 'verified', 5),
    (25, 1788, '2025-08-15', 132, 'verified', 5),
    (26, 2378, '2025-08-15', 166, 'verified', 2),
    (27, 3809, '2025-08-15', 238, 'verified', 5),
    (28, 4216, '2025-08-15', 75, 'verified', 5),
    (29, 2241, '2025-08-15', 267, 'verified', 5),
    (30, 2516, '2025-08-15', 262, 'verified', 3),
    (31, 1798, '2025-08-15', 58, 'verified', 2),
    (32, 3482, '2025-08-15', 150, 'verified', 3),
    (33, 1715, '2025-08-15', 266, 'verified', 2),
    (34, 1749, '2025-08-15', 110, 'verified', 4),
    (35, 3052, '2025-08-15', 130, 'verified', 1),
    (36, 2338, '2025-08-15', 214, 'verified', 5),
    (37, 2344, '2025-08-15', 101, 'verified', 5),
    (38, 1523, '2025-08-15', 135, 'verified', 1),
    (39, 2287, '2025-08-15', 267, 'verified', 5),
    (40, 3542, '2025-08-15', 267, 'verified', 1),
    (41, 3903, '2025-08-15', 273, 'verified', 5),
    (42, 1346, '2025-08-15', 121, 'verified', 5),
    (43, 4508, '2025-08-15', 228, 'verified', 5),
    (44, 4280, '2025-08-15', 288, 'verified', 2),
    (45, 3823, '2025-08-15', 69, 'verified', 1),
    (46, 3420, '2025-08-15', 283, 'verified', 3),
    (47, 2131, '2025-08-15', 210, 'verified', 1),
    (48, 5048, '2025-08-15', 253, 'verified', 3),
    (49, 4550, '2025-08-15', 88, 'verified', 5),
    (50, 3624, '2025-08-15', 212, 'verified', 5),
    (51, 3411, '2025-08-15', 240, 'verified', 1),
    (52, 2468, '2025-08-15', 93, 'verified', 5),
    (53, 5191, '2025-08-15', 143, 'verified', 1),
    (54, 2553, '2025-08-15', 53, 'verified', 3),
    (55, 2744, '2025-08-15', 217, 'verified', 4),
    (56, 2938, '2025-08-15', 120, 'verified', 5),
    (57, 2413, '2025-08-15', 171, 'verified', 3),
    (58, 4214, '2025-08-15', 156, 'verified', 2),
    (59, 4772, '2025-08-15', 99, 'verified', 5),
    (60, 2878, '2025-08-15', 132, 'verified', 2),
    (1, 4777, '2025-09-14', 140, 'verified', 5),
    (2, 4819, '2025-09-14', 112, 'verified', 3),
    (3, 5069, '2025-09-14', 243, 'verified', 2),
    (4, 3326, '2025-09-14', 148, 'verified', 1),
    (5, 4506, '2025-09-14', 77, 'verified', 2),
    (6, 2445, '2025-09-14', 285, 'verified', 1),
    (7, 3838, '2025-09-14', 150, 'verified', 3),
    (8, 2141, '2025-09-14', 273, 'verified', 4),
    (9, 5135, '2025-09-14', 226, 'verified', 2),
    (10, 4162, '2025-09-14', 207, 'verified', 4),
    (11, 4531, '2025-09-14', 151, 'verified', 5),
    (12, 5190, '2025-09-14', 212, 'verified', 2),
    (13, 3178, '2025-09-14', 194, 'verified', 4),
    (14, 3758, '2025-09-14', 121, 'verified', 5),
    (15, 4896, '2025-09-14', 196, 'verified', 4),
    (16, 1639, '2025-09-14', 235, 'verified', 4),
    (17, 3172, '2025-09-14', 297, 'verified', 1),
    (18, 3409, '2025-09-14', 179, 'verified', 3),
    (19, 4334, '2025-09-14', 206, 'verified', 2),
    (20, 2065, '2025-09-14', 189, 'verified', 2),
    (21, 3679, '2025-09-14', 96, 'verified', 3),
    (22, 3324, '2025-09-14', 151, 'verified', 1),
    (23, 4291, '2025-09-14', 63, 'verified', 1),
    (24, 2766, '2025-09-14', 223, 'verified', 5),
    (25, 1967, '2025-09-14', 179, 'verified', 5),
    (26, 2520, '2025-09-14', 142, 'verified', 3),
    (27, 3919, '2025-09-14', 110, 'verified', 2),
    (28, 4483, '2025-09-14', 267, 'verified', 1),
    (29, 2434, '2025-09-14', 193, 'verified', 2),
    (30, 2625, '2025-09-14', 109, 'verified', 2),
    (31, 1859, '2025-09-14', 61, 'verified', 5),
    (32, 3618, '2025-09-14', 136, 'verified', 3),
    (33, 1769, '2025-09-14', 54, 'verified', 1),
    (34, 1876, '2025-09-14', 127, 'verified', 3),
    (35, 3219, '2025-09-14', 167, 'verified', 4),
    (36, 2416, '2025-09-14', 78, 'verified', 5),
    (37, 2634, '2025-09-14', 290, 'verified', 3),
    (38, 1814, '2025-09-14', 291, 'verified', 2),
    (39, 2499, '2025-09-14', 212, 'verified', 5),
    (40, 3698, '2025-09-14', 156, 'verified', 5),
    (41, 4143, '2025-09-14', 240, 'verified', 2),
    (42, 1617, '2025-09-14', 271, 'verified', 1),
    (43, 4664, '2025-09-14', 156, 'verified', 2),
    (44, 4448, '2025-09-14', 168, 'verified', 3),
    (45, 4056, '2025-09-14', 233, 'verified', 5),
    (46, 3547, '2025-09-14', 127, 'verified', 1),
    (47, 2283, '2025-09-14', 152, 'verified', 3),
    (48, 5203, '2025-09-14', 155, 'verified', 5),
    (49, 4829, '2025-09-14', 279, 'verified', 3),
    (50, 3916, '2025-09-14', 292, 'verified', 2),
    (51, 3531, '2025-09-14', 120, 'verified', 4),
    (52, 2628, '2025-09-14', 160, 'verified', 1),
    (53, 5404, '2025-09-14', 213, 'verified', 2),
    (54, 2818, '2025-09-14', 265, 'verified', 2),
    (55, 2893, '2025-09-14', 149, 'verified', 5),
    (56, 3087, '2025-09-14', 149, 'verified', 2),
    (57, 2628, '2025-09-14', 215, 'verified', 5),
    (58, 4367, '2025-09-14', 153, 'verified', 5),
    (59, 4921, '2025-09-14', 149, 'verified', 3),
    (60, 3106, '2025-09-14', 228, 'verified', 3),
    (1, 5019, '2025-10-14', 242, 'verified', 2),
    (2, 4961, '2025-10-14', 142, 'verified', 1),
    (3, 5276, '2025-10-14', 207, 'verified', 2),
    (4, 3382, '2025-10-14', 56, 'verified', 1),
    (5, 4747, '2025-10-14', 241, 'verified', 4),
    (6, 2580, '2025-10-14', 135, 'verified', 5),
    (7, 4016, '2025-10-14', 178, 'verified', 3),
    (8, 2213, '2025-10-14', 72, 'verified', 2),
    (9, 5205, '2025-10-14', 70, 'verified', 2),
    (10, 4458, '2025-10-14', 296, 'verified', 5),
    (11, 4674, '2025-10-14', 143, 'verified', 2),
    (12, 5475, '2025-10-14', 285, 'verified', 2),
    (13, 3440, '2025-10-14', 262, 'verified', 5),
    (14, 3817, '2025-10-14', 59, 'verified', 1),
    (15, 5088, '2025-10-14', 192, 'verified', 2),
    (16, 1827, '2025-10-14', 188, 'verified', 3),
    (17, 3347, '2025-10-14', 175, 'verified', 5),
    (18, 3509, '2025-10-14', 100, 'verified', 3),
    (19, 4576, '2025-10-14', 242, 'verified', 2),
    (20, 2302, '2025-10-14', 237, 'verified', 5),
    (21, 3913, '2025-10-14', 234, 'verified', 2),
    (22, 3612, '2025-10-14', 288, 'verified', 2),
    (23, 4485, '2025-10-14', 194, 'verified', 5),
    (24, 2952, '2025-10-14', 186, 'verified', 3),
    (25, 2224, '2025-10-14', 257, 'verified', 4),
    (26, 2590, '2025-10-14', 70, 'verified', 3),
    (27, 4016, '2025-10-14', 97, 'verified', 4),
    (28, 4700, '2025-10-14', 217, 'verified', 2),
    (29, 2613, '2025-10-14', 179, 'verified', 4),
    (30, 2824, '2025-10-14', 199, 'verified', 1),
    (31, 2024, '2025-10-14', 165, 'verified', 4),
    (32, 3860, '2025-10-14', 242, 'verified', 1),
    (33, 1866, '2025-10-14', 97, 'verified', 4),
    (34, 2114, '2025-10-14', 238, 'verified', 3),
    (35, 3361, '2025-10-14', 142, 'verified', 3),
    (36, 2531, '2025-10-14', 115, 'verified', 4),
    (37, 2829, '2025-10-14', 195, 'verified', 2),
    (38, 1946, '2025-10-14', 132, 'verified', 4),
    (39, 2576, '2025-10-14', 77, 'verified', 2),
    (40, 3777, '2025-10-14', 79, 'verified', 2),
    (41, 4242, '2025-10-14', 99, 'verified', 3),
    (42, 1827, '2025-10-14', 210, 'verified', 4),
    (43, 4870, '2025-10-14', 206, 'verified', 4),
    (44, 4547, '2025-10-14', 99, 'verified', 1),
    (45, 4274, '2025-10-14', 218, 'verified', 3),
    (46, 3814, '2025-10-14', 267, 'verified', 2),
    (47, 2428, '2025-10-14', 145, 'verified', 3),
    (48, 5394, '2025-10-14', 191, 'verified', 2),
    (49, 5061, '2025-10-14', 232, 'verified', 5),
    (50, 4102, '2025-10-14', 186, 'verified', 5),
    (51, 3728, '2025-10-14', 197, 'verified', 4),
    (52, 2786, '2025-10-14', 158, 'verified', 1),
    (53, 5663, '2025-10-14', 259, 'verified', 5),
    (54, 2962, '2025-10-14', 144, 'verified', 3),
    (55, 3054, '2025-10-14', 161, 'verified', 1),
    (56, 3165, '2025-10-14', 78, 'verified', 5),
    (57, 2905, '2025-10-14', 277, 'verified', 2),
    (58, 4498, '2025-10-14', 131, 'verified', 1),
    (59, 5146, '2025-10-14', 225, 'verified', 5),
    (60, 3183, '2025-10-14', 77, 'verified', 3),
    (1, 5101, '2025-11-13', 82, 'verified', 1),
    (2, 5261, '2025-11-13', 300, 'verified', 1),
    (3, 5466, '2025-11-13', 190, 'verified', 1),
    (4, 3502, '2025-11-13', 120, 'verified', 1),
    (5, 4891, '2025-11-13', 144, 'verified', 1),
    (6, 2812, '2025-11-13', 232, 'verified', 3),
    (7, 4261, '2025-11-13', 245, 'verified', 2),
    (8, 2508, '2025-11-13', 295, 'verified', 5),
    (9, 5266, '2025-11-13', 61, 'verified', 4),
    (10, 4579, '2025-11-13', 121, 'verified', 1),
    (11, 4878, '2025-11-13', 204, 'verified', 2),
    (12, 5760, '2025-11-13', 285, 'verified', 2),
    (13, 3611, '2025-11-13', 171, 'verified', 2),
    (14, 3889, '2025-11-13', 72, 'verified', 4),
    (15, 5290, '2025-11-13', 202, 'verified', 5),
    (16, 2061, '2025-11-13', 234, 'verified', 3),
    (17, 3626, '2025-11-13', 279, 'verified', 3),
    (18, 3581, '2025-11-13', 72, 'verified', 1),
    (19, 4670, '2025-11-13', 94, 'verified', 3),
    (20, 2434, '2025-11-13', 132, 'verified', 4),
    (21, 4020, '2025-11-13', 107, 'verified', 3),
    (22, 3724, '2025-11-13', 112, 'verified', 1),
    (23, 4645, '2025-11-13', 160, 'verified', 3),
    (24, 3241, '2025-11-13', 289, 'verified', 3),
    (25, 2449, '2025-11-13', 225, 'verified', 3),
    (26, 2806, '2025-11-13', 216, 'verified', 4),
    (27, 4124, '2025-11-13', 108, 'verified', 2),
    (28, 4952, '2025-11-13', 252, 'verified', 1),
    (29, 2746, '2025-11-13', 133, 'verified', 5),
    (30, 3026, '2025-11-13', 202, 'verified', 1),
    (31, 2158, '2025-11-13', 134, 'verified', 5),
    (32, 4015, '2025-11-13', 155, 'verified', 4),
    (33, 2032, '2025-11-13', 166, 'verified', 3),
    (34, 2305, '2025-11-13', 191, 'verified', 1),
    (35, 3477, '2025-11-13', 116, 'verified', 3),
    (36, 2639, '2025-11-13', 108, 'verified', 4),
    (37, 3061, '2025-11-13', 232, 'verified', 1),
    (38, 2052, '2025-11-13', 106, 'verified', 1),
    (39, 2683, '2025-11-13', 107, 'verified', 2),
    (40, 4057, '2025-11-13', 280, 'verified', 5),
    (41, 4298, '2025-11-13', 56, 'verified', 4),
    (42, 2046, '2025-11-13', 219, 'verified', 3),
    (43, 5107, '2025-11-13', 237, 'verified', 1),
    (44, 4647, '2025-11-13', 100, 'verified', 1),
    (45, 4447, '2025-11-13', 173, 'verified', 2),
    (46, 3922, '2025-11-13', 108, 'verified', 5),
    (47, 2629, '2025-11-13', 201, 'verified', 4),
    (48, 5622, '2025-11-13', 228, 'verified', 2),
    (49, 5227, '2025-11-13', 166, 'verified', 4),
    (50, 4300, '2025-11-13', 198, 'verified', 4),
    (51, 3803, '2025-11-13', 75, 'verified', 4),
    (52, 2846, '2025-11-13', 60, 'verified', 4),
    (53, 5840, '2025-11-13', 177, 'verified', 3),
    (54, 3124, '2025-11-13', 162, 'verified', 5),
    (55, 3310, '2025-11-13', 256, 'verified', 2),
    (56, 3338, '2025-11-13', 173, 'verified', 1),
    (57, 3159, '2025-11-13', 254, 'verified', 3),
    (58, 4774, '2025-11-13', 276, 'verified', 2),
    (59, 5244, '2025-11-13', 98, 'verified', 3),
    (60, 3467, '2025-11-13', 284, 'verified', 4),
    (1, 5341, '2025-12-13', 240, 'verified', 5),
    (2, 5343, '2025-12-13', 82, 'verified', 1),
    (3, 5639, '2025-12-13', 173, 'verified', 2),
    (4, 3578, '2025-12-13', 76, 'verified', 5),
    (5, 5151, '2025-12-13', 260, 'verified', 5),
    (6, 3004, '2025-12-13', 192, 'verified', 4),
    (7, 4502, '2025-12-13', 241, 'verified', 5),
    (8, 2781, '2025-12-13', 273, 'verified', 5),
    (9, 5384, '2025-12-13', 118, 'verified', 4),
    (10, 4703, '2025-12-13', 124, 'verified', 3),
    (11, 5052, '2025-12-13', 174, 'verified', 4),
    (12, 5870, '2025-12-13', 110, 'verified', 4),
    (13, 3775, '2025-12-13', 164, 'verified', 4),
    (14, 4163, '2025-12-13', 274, 'verified', 3),
    (15, 5367, '2025-12-13', 77, 'verified', 3),
    (16, 2209, '2025-12-13', 148, 'verified', 5),
    (17, 3884, '2025-12-13', 258, 'verified', 3),
    (18, 3669, '2025-12-13', 88, 'verified', 5),
    (19, 4851, '2025-12-13', 181, 'verified', 3),
    (20, 2569, '2025-12-13', 135, 'verified', 2),
    (21, 4088, '2025-12-13', 68, 'verified', 3),
    (22, 3885, '2025-12-13', 161, 'verified', 1),
    (23, 4859, '2025-12-13', 214, 'verified', 4),
    (24, 3379, '2025-12-13', 138, 'verified', 4),
    (25, 2732, '2025-12-13', 283, 'verified', 3),
    (26, 2909, '2025-12-13', 103, 'verified', 2),
    (27, 4385, '2025-12-13', 261, 'verified', 5),
    (28, 5145, '2025-12-13', 193, 'verified', 5),
    (29, 2916, '2025-12-13', 170, 'verified', 3),
    (30, 3110, '2025-12-13', 84, 'verified', 1),
    (31, 2384, '2025-12-13', 226, 'verified', 1),
    (32, 4239, '2025-12-13', 224, 'verified', 1),
    (33, 2175, '2025-12-13', 143, 'verified', 1),
    (34, 2359, '2025-12-13', 54, 'verified', 1),
    (35, 3747, '2025-12-13', 270, 'verified', 4),
    (36, 2848, '2025-12-13', 209, 'verified', 2),
    (37, 3188, '2025-12-13', 127, 'verified', 1),
    (38, 2312, '2025-12-13', 260, 'verified', 1),
    (39, 2843, '2025-12-13', 160, 'verified', 4),
    (40, 4191, '2025-12-13', 134, 'verified', 4),
    (41, 4348, '2025-12-13', 50, 'verified', 5),
    (42, 2222, '2025-12-13', 176, 'verified', 3),
    (43, 5356, '2025-12-13', 249, 'verified', 1),
    (44, 4705, '2025-12-13', 58, 'verified', 2),
    (45, 4559, '2025-12-13', 112, 'verified', 1),
    (46, 4158, '2025-12-13', 236, 'verified', 3),
    (47, 2780, '2025-12-13', 151, 'verified', 1),
    (48, 5862, '2025-12-13', 240, 'verified', 4),
    (49, 5451, '2025-12-13', 224, 'verified', 2),
    (50, 4357, '2025-12-13', 57, 'verified', 3),
    (51, 4034, '2025-12-13', 231, 'verified', 4),
    (52, 2926, '2025-12-13', 80, 'verified', 1),
    (53, 6014, '2025-12-13', 174, 'verified', 5),
    (54, 3368, '2025-12-13', 244, 'verified', 3),
    (55, 3372, '2025-12-13', 62, 'verified', 1),
    (56, 3473, '2025-12-13', 135, 'verified', 5),
    (57, 3320, '2025-12-13', 161, 'verified', 3),
    (58, 5010, '2025-12-13', 236, 'verified', 3),
    (59, 5455, '2025-12-13', 211, 'verified', 5),
    (60, 3576, '2025-12-13', 109, 'verified', 3),
    (1, 5409, '2026-01-12', 68, 'verified', 5),
    (2, 5575, '2026-01-12', 232, 'verified', 4),
    (3, 5740, '2026-01-12', 101, 'verified', 3),
    (4, 3740, '2026-01-12', 162, 'verified', 2),
    (5, 5240, '2026-01-12', 89, 'verified', 4),
    (6, 3057, '2026-01-12', 53, 'verified', 5),
    (7, 4715, '2026-01-12', 213, 'verified', 4),
    (8, 3007, '2026-01-12', 226, 'verified', 2),
    (9, 5664, '2026-01-12', 280, 'verified', 4),
    (10, 4948, '2026-01-12', 245, 'verified', 1),
    (11, 5246, '2026-01-12', 194, 'verified', 2),
    (12, 5975, '2026-01-12', 105, 'verified', 1),
    (13, 4015, '2026-01-12', 240, 'verified', 2),
    (14, 4273, '2026-01-12', 110, 'verified', 5),
    (15, 5616, '2026-01-12', 249, 'verified', 5),
    (16, 2406, '2026-01-12', 197, 'verified', 1),
    (17, 4117, '2026-01-12', 233, 'verified', 4),
    (18, 3838, '2026-01-12', 169, 'verified', 5),
    (19, 5145, '2026-01-12', 294, 'verified', 3),
    (20, 2729, '2026-01-12', 160, 'verified', 2),
    (21, 4321, '2026-01-12', 233, 'verified', 5),
    (22, 4060, '2026-01-12', 175, 'verified', 4),
    (23, 4959, '2026-01-12', 100, 'verified', 4),
    (24, 3641, '2026-01-12', 262, 'verified', 4),
    (25, 2933, '2026-01-12', 201, 'verified', 2),
    (26, 3026, '2026-01-12', 117, 'verified', 5),
    (27, 4591, '2026-01-12', 206, 'verified', 3),
    (28, 5422, '2026-01-12', 277, 'verified', 4),
    (29, 3102, '2026-01-12', 186, 'verified', 2),
    (30, 3377, '2026-01-12', 267, 'verified', 4),
    (31, 2583, '2026-01-12', 199, 'verified', 5),
    (32, 4474, '2026-01-12', 235, 'verified', 4),
    (33, 2233, '2026-01-12', 58, 'verified', 5),
    (34, 2548, '2026-01-12', 189, 'verified', 3),
    (35, 3924, '2026-01-12', 177, 'verified', 4),
    (36, 3017, '2026-01-12', 169, 'verified', 1),
    (37, 3406, '2026-01-12', 218, 'verified', 1),
    (38, 2477, '2026-01-12', 165, 'verified', 3),
    (39, 3109, '2026-01-12', 266, 'verified', 4),
    (40, 4266, '2026-01-12', 75, 'verified', 4),
    (41, 4506, '2026-01-12', 158, 'verified', 1),
    (42, 2276, '2026-01-12', 54, 'verified', 3),
    (43, 5531, '2026-01-12', 175, 'verified', 5),
    (44, 4847, '2026-01-12', 142, 'verified', 3),
    (45, 4840, '2026-01-12', 281, 'verified', 5),
    (46, 4408, '2026-01-12', 250, 'verified', 5),
    (47, 2998, '2026-01-12', 218, 'verified', 1),
    (48, 5947, '2026-01-12', 85, 'verified', 5),
    (49, 5629, '2026-01-12', 178, 'verified', 4),
    (50, 4568, '2026-01-12', 211, 'verified', 5),
    (51, 4100, '2026-01-12', 66, 'verified', 3),
    (52, 3001, '2026-01-12', 75, 'verified', 3),
    (53, 6313, '2026-01-12', 299, 'verified', 1),
    (54, 3529, '2026-01-12', 161, 'verified', 5),
    (55, 3484, '2026-01-12', 112, 'verified', 1),
    (56, 3701, '2026-01-12', 228, 'verified', 4),
    (57, 3475, '2026-01-12', 155, 'verified', 3),
    (58, 5266, '2026-01-12', 256, 'verified', 2),
    (59, 5577, '2026-01-12', 122, 'verified', 3),
    (60, 3872, '2026-01-12', 296, 'verified', 3);
GO

-- Bills
INSERT INTO dbo.Bills (customer_id, meter_id, billing_period_start, billing_period_end, previous_reading, current_reading, consumption, tariff_rate, base_amount, tax_amount, due_date, status)
VALUES
    (1, 1, '2025-06-16', '2025-07-16', 4172, 4472, 300, 0.15, 3245.45, 324.55, '2025-07-31', 'paid'),
    (2, 2, '2025-06-16', '2025-07-16', 4114, 4414, 300, 0.05, 3839.09, 383.91, '2025-07-31', 'paid'),
    (3, 3, '2025-06-16', '2025-07-16', 4580, 4773, 193, 0.12, 6164.55, 616.45, '2025-07-31', 'paid'),
    (4, 4, '2025-06-16', '2025-07-16', 2827, 3099, 272, 0.15, 6608.18, 660.82, '2025-07-31', 'paid'),
    (5, 5, '2025-06-16', '2025-07-16', 4262, 4373, 111, 0.05, 8010.91, 801.09, '2025-07-31', 'paid'),
    (6, 6, '2025-06-16', '2025-07-16', 1876, 1947, 71, 0.12, 6508.18, 650.82, '2025-07-31', 'paid'),
    (7, 7, '2025-06-16', '2025-07-16', 3337, 3483, 146, 0.15, 3522.73, 352.27, '2025-07-31', 'paid'),
    (8, 8, '2025-06-16', '2025-07-16', 1502, 1743, 241, 0.05, 7368.18, 736.82, '2025-07-31', 'paid'),
    (9, 9, '2025-06-16', '2025-07-16', 4470, 4725, 255, 0.12, 3131.82, 313.18, '2025-07-31', 'paid'),
    (10, 10, '2025-06-16', '2025-07-16', 3718, 3850, 132, 0.15, 1723.64, 172.36, '2025-07-31', 'paid'),
    (11, 11, '2025-06-16', '2025-07-16', 4156, 4301, 145, 0.05, 3362.73, 336.27, '2025-07-31', 'paid'),
    (12, 12, '2025-06-16', '2025-07-16', 4573, 4827, 254, 0.12, 4823.64, 482.36, '2025-07-31', 'paid'),
    (13, 13, '2025-06-16', '2025-07-16', 2485, 2765, 280, 0.15, 1902.73, 190.27, '2025-07-31', 'paid'),
    (14, 14, '2025-06-16', '2025-07-16', 3407, 3510, 103, 0.05, 8340.00, 834.00, '2025-07-31', 'paid'),
    (15, 15, '2025-06-16', '2025-07-16', 4497, 4621, 124, 0.12, 2435.45, 243.55, '2025-07-31', 'paid'),
    (16, 16, '2025-06-16', '2025-07-16', 1267, 1332, 65, 0.15, 2931.82, 293.18, '2025-07-31', 'paid'),
    (17, 17, '2025-06-16', '2025-07-16', 2554, 2765, 211, 0.05, 4880.00, 488.00, '2025-07-31', 'paid'),
    (18, 18, '2025-06-16', '2025-07-16', 2911, 3028, 117, 0.12, 7803.64, 780.36, '2025-07-31', 'paid'),
    (19, 19, '2025-06-16', '2025-07-16', 4009, 4078, 69, 0.15, 8426.36, 842.64, '2025-07-31', 'paid'),
    (20, 20, '2025-06-16', '2025-07-16', 1598, 1711, 113, 0.05, 6020.91, 602.09, '2025-07-31', 'paid'),
    (21, 21, '2025-06-16', '2025-07-16', 3178, 3476, 298, 0.12, 1558.18, 155.82, '2025-07-31', 'paid'),
    (22, 22, '2025-06-16', '2025-07-16', 2804, 2948, 144, 0.15, 8017.27, 801.73, '2025-07-31', 'paid'),
    (23, 23, '2025-06-16', '2025-07-16', 3776, 4055, 279, 0.05, 6115.45, 611.55, '2025-07-31', 'paid'),
    (24, 24, '2025-06-16', '2025-07-16', 2215, 2321, 106, 0.12, 2660.91, 266.09, '2025-07-31', 'paid'),
    (25, 25, '2025-06-16', '2025-07-16', 1594, 1656, 62, 0.15, 4914.55, 491.45, '2025-07-31', 'paid'),
    (26, 26, '2025-06-16', '2025-07-16', 1920, 2212, 292, 0.05, 1951.82, 195.18, '2025-07-31', 'paid'),
    (27, 27, '2025-06-16', '2025-07-16', 3314, 3571, 257, 0.12, 8810.00, 881.00, '2025-07-31', 'paid'),
    (28, 28, '2025-06-16', '2025-07-16', 3898, 4141, 243, 0.15, 4068.18, 406.82, '2025-07-31', 'paid'),
    (29, 29, '2025-06-16', '2025-07-16', 1818, 1974, 156, 0.05, 5477.27, 547.73, '2025-07-31', 'paid'),
    (30, 30, '2025-06-16', '2025-07-16', 1988, 2254, 266, 0.12, 4564.55, 456.45, '2025-07-31', 'paid'),
    (31, 31, '2025-06-16', '2025-07-16', 1632, 1740, 108, 0.15, 7628.18, 762.82, '2025-07-31', 'paid'),
    (32, 32, '2025-06-16', '2025-07-16', 3224, 3332, 108, 0.05, 3640.91, 364.09, '2025-07-31', 'paid'),
    (33, 33, '2025-06-16', '2025-07-16', 1201, 1449, 248, 0.12, 3561.82, 356.18, '2025-07-31', 'paid'),
    (34, 34, '2025-06-16', '2025-07-16', 1539, 1639, 100, 0.15, 6766.36, 676.64, '2025-07-31', 'paid'),
    (35, 35, '2025-06-16', '2025-07-16', 2696, 2922, 226, 0.05, 6598.18, 659.82, '2025-07-31', 'paid'),
    (36, 36, '2025-06-16', '2025-07-16', 2066, 2124, 58, 0.12, 4134.55, 413.45, '2025-07-31', 'paid'),
    (37, 37, '2025-06-16', '2025-07-16', 1954, 2243, 289, 0.15, 7492.73, 749.27, '2025-07-31', 'paid'),
    (38, 38, '2025-06-16', '2025-07-16', 1097, 1388, 291, 0.05, 4427.27, 442.73, '2025-07-31', 'paid'),
    (39, 39, '2025-06-16', '2025-07-16', 1907, 2020, 113, 0.12, 2357.27, 235.73, '2025-07-31', 'paid'),
    (40, 40, '2025-06-16', '2025-07-16', 3062, 3275, 213, 0.15, 2540.00, 254.00, '2025-07-31', 'paid'),
    (41, 41, '2025-06-16', '2025-07-16', 3555, 3630, 75, 0.05, 9012.73, 901.27, '2025-07-31', 'paid'),
    (42, 42, '2025-06-16', '2025-07-16', 1115, 1225, 110, 0.12, 2077.27, 207.73, '2025-07-31', 'paid'),
    (43, 43, '2025-06-16', '2025-07-16', 4184, 4280, 96, 0.15, 5630.91, 563.09, '2025-07-31', 'paid'),
    (44, 44, '2025-06-16', '2025-07-16', 3771, 3992, 221, 0.05, 1676.36, 167.64, '2025-07-31', 'paid'),
    (45, 45, '2025-06-16', '2025-07-16', 3465, 3754, 289, 0.12, 7806.36, 780.64, '2025-07-31', 'paid'),
    (46, 46, '2025-06-16', '2025-07-16', 3014, 3137, 123, 0.15, 5014.55, 501.45, '2025-07-31', 'paid'),
    (47, 47, '2025-06-16', '2025-07-16', 1849, 1921, 72, 0.05, 1487.27, 148.73, '2025-07-31', 'paid'),
    (48, 48, '2025-06-16', '2025-07-16', 4655, 4795, 140, 0.12, 2761.82, 276.18, '2025-07-31', 'paid'),
    (49, 49, '2025-06-16', '2025-07-16', 4165, 4462, 297, 0.15, 6870.00, 687.00, '2025-07-31', 'paid'),
    (50, 50, '2025-06-16', '2025-07-16', 3206, 3412, 206, 0.05, 4460.91, 446.09, '2025-07-31', 'paid'),
    (51, 51, '2025-06-16', '2025-07-16', 3037, 3171, 134, 0.12, 3519.09, 351.91, '2025-07-31', 'paid'),
    (52, 52, '2025-06-16', '2025-07-16', 2228, 2375, 147, 0.15, 1262.73, 126.27, '2025-07-31', 'paid'),
    (53, 53, '2025-06-16', '2025-07-16', 4992, 5048, 56, 0.05, 4072.73, 407.27, '2025-07-31', 'paid'),
    (54, 54, '2025-06-16', '2025-07-16', 2448, 2500, 52, 0.12, 4392.73, 439.27, '2025-07-31', 'paid'),
    (55, 55, '2025-06-16', '2025-07-16', 2402, 2527, 125, 0.15, 2992.73, 299.27, '2025-07-31', 'paid'),
    (56, 56, '2025-06-16', '2025-07-16', 2668, 2818, 150, 0.05, 6908.18, 690.82, '2025-07-31', 'paid'),
    (57, 57, '2025-06-16', '2025-07-16', 1962, 2242, 280, 0.12, 3286.36, 328.64, '2025-07-31', 'paid'),
    (58, 58, '2025-06-16', '2025-07-16', 3866, 4058, 192, 0.15, 7343.64, 734.36, '2025-07-31', 'paid'),
    (59, 59, '2025-06-16', '2025-07-16', 4414, 4673, 259, 0.05, 1893.64, 189.36, '2025-07-31', 'paid'),
    (60, 60, '2025-06-16', '2025-07-16', 2619, 2746, 127, 0.12, 6888.18, 688.82, '2025-07-31', 'paid'),
    (1, 1, '2025-07-16', '2025-08-15', 4472, 4637, 165, 0.15, 5403.64, 540.36, '2025-08-30', 'paid'),
    (2, 2, '2025-07-16', '2025-08-15', 4414, 4707, 293, 0.05, 6710.91, 671.09, '2025-08-30', 'paid'),
    (3, 3, '2025-07-16', '2025-08-15', 4773, 4826, 53, 0.12, 6361.82, 636.18, '2025-08-30', 'paid'),
    (4, 4, '2025-07-16', '2025-08-15', 3099, 3178, 79, 0.15, 4430.00, 443.00, '2025-08-30', 'paid'),
    (5, 5, '2025-07-16', '2025-08-15', 4373, 4429, 56, 0.05, 8669.09, 866.91, '2025-08-30', 'paid'),
    (6, 6, '2025-07-16', '2025-08-15', 1947, 2160, 213, 0.12, 6400.91, 640.09, '2025-08-30', 'paid'),
    (7, 7, '2025-07-16', '2025-08-15', 3483, 3688, 205, 0.15, 8030.00, 803.00, '2025-08-30', 'paid'),
    (8, 8, '2025-07-16', '2025-08-15', 1743, 1868, 125, 0.05, 6393.64, 639.36, '2025-08-30', 'paid'),
    (9, 9, '2025-07-16', '2025-08-15', 4725, 4909, 184, 0.12, 6965.45, 696.55, '2025-08-30', 'paid'),
    (10, 10, '2025-07-16', '2025-08-15', 3850, 3955, 105, 0.15, 2650.00, 265.00, '2025-08-30', 'paid'),
    (11, 11, '2025-07-16', '2025-08-15', 4301, 4380, 79, 0.05, 2039.09, 203.91, '2025-08-30', 'paid'),
    (12, 12, '2025-07-16', '2025-08-15', 4827, 4978, 151, 0.12, 3718.18, 371.82, '2025-08-30', 'paid'),
    (13, 13, '2025-07-16', '2025-08-15', 2765, 2984, 219, 0.15, 3387.27, 338.73, '2025-08-30', 'paid'),
    (14, 14, '2025-07-16', '2025-08-15', 3510, 3637, 127, 0.05, 7980.00, 798.00, '2025-08-30', 'paid'),
    (15, 15, '2025-07-16', '2025-08-15', 4621, 4700, 79, 0.12, 1661.82, 166.18, '2025-08-30', 'paid'),
    (16, 16, '2025-07-16', '2025-08-15', 1332, 1404, 72, 0.15, 8601.82, 860.18, '2025-08-30', 'paid'),
    (17, 17, '2025-07-16', '2025-08-15', 2765, 2875, 110, 0.05, 4480.00, 448.00, '2025-08-30', 'paid'),
    (18, 18, '2025-07-16', '2025-08-15', 3028, 3230, 202, 0.12, 6227.27, 622.73, '2025-08-30', 'paid'),
    (19, 19, '2025-07-16', '2025-08-15', 4078, 4128, 50, 0.15, 1710.91, 171.09, '2025-08-30', 'paid'),
    (20, 20, '2025-07-16', '2025-08-15', 1711, 1876, 165, 0.05, 3171.82, 317.18, '2025-08-30', 'paid'),
    (21, 21, '2025-07-16', '2025-08-15', 3476, 3583, 107, 0.12, 1771.82, 177.18, '2025-08-30', 'paid'),
    (22, 22, '2025-07-16', '2025-08-15', 2948, 3173, 225, 0.15, 6519.09, 651.91, '2025-08-30', 'paid'),
    (23, 23, '2025-07-16', '2025-08-15', 4055, 4228, 173, 0.05, 8370.91, 837.09, '2025-08-30', 'paid'),
    (24, 24, '2025-07-16', '2025-08-15', 2321, 2543, 222, 0.12, 4793.64, 479.36, '2025-08-30', 'paid'),
    (25, 25, '2025-07-16', '2025-08-15', 1656, 1788, 132, 0.15, 6578.18, 657.82, '2025-08-30', 'paid'),
    (26, 26, '2025-07-16', '2025-08-15', 2212, 2378, 166, 0.05, 1759.09, 175.91, '2025-08-30', 'paid'),
    (27, 27, '2025-07-16', '2025-08-15', 3571, 3809, 238, 0.12, 8860.00, 886.00, '2025-08-30', 'paid'),
    (28, 28, '2025-07-16', '2025-08-15', 4141, 4216, 75, 0.15, 8151.82, 815.18, '2025-08-30', 'paid'),
    (29, 29, '2025-07-16', '2025-08-15', 1974, 2241, 267, 0.05, 2057.27, 205.73, '2025-08-30', 'paid'),
    (30, 30, '2025-07-16', '2025-08-15', 2254, 2516, 262, 0.12, 5914.55, 591.45, '2025-08-30', 'paid'),
    (31, 31, '2025-07-16', '2025-08-15', 1740, 1798, 58, 0.15, 3879.09, 387.91, '2025-08-30', 'paid'),
    (32, 32, '2025-07-16', '2025-08-15', 3332, 3482, 150, 0.05, 5701.82, 570.18, '2025-08-30', 'paid'),
    (33, 33, '2025-07-16', '2025-08-15', 1449, 1715, 266, 0.12, 6258.18, 625.82, '2025-08-30', 'paid'),
    (34, 34, '2025-07-16', '2025-08-15', 1639, 1749, 110, 0.15, 3435.45, 343.55, '2025-08-30', 'paid'),
    (35, 35, '2025-07-16', '2025-08-15', 2922, 3052, 130, 0.05, 6247.27, 624.73, '2025-08-30', 'paid'),
    (36, 36, '2025-07-16', '2025-08-15', 2124, 2338, 214, 0.12, 2119.09, 211.91, '2025-08-30', 'paid'),
    (37, 37, '2025-07-16', '2025-08-15', 2243, 2344, 101, 0.15, 7334.55, 733.45, '2025-08-30', 'paid'),
    (38, 38, '2025-07-16', '2025-08-15', 1388, 1523, 135, 0.05, 6514.55, 651.45, '2025-08-30', 'paid'),
    (39, 39, '2025-07-16', '2025-08-15', 2020, 2287, 267, 0.12, 6312.73, 631.27, '2025-08-30', 'paid'),
    (40, 40, '2025-07-16', '2025-08-15', 3275, 3542, 267, 0.15, 8280.91, 828.09, '2025-08-30', 'paid'),
    (41, 41, '2025-07-16', '2025-08-15', 3630, 3903, 273, 0.05, 5778.18, 577.82, '2025-08-30', 'paid'),
    (42, 42, '2025-07-16', '2025-08-15', 1225, 1346, 121, 0.12, 4473.64, 447.36, '2025-08-30', 'paid'),
    (43, 43, '2025-07-16', '2025-08-15', 4280, 4508, 228, 0.15, 3241.82, 324.18, '2025-08-30', 'paid'),
    (44, 44, '2025-07-16', '2025-08-15', 3992, 4280, 288, 0.05, 2418.18, 241.82, '2025-08-30', 'paid'),
    (45, 45, '2025-07-16', '2025-08-15', 3754, 3823, 69, 0.12, 2165.45, 216.55, '2025-08-30', 'paid'),
    (46, 46, '2025-07-16', '2025-08-15', 3137, 3420, 283, 0.15, 8530.00, 853.00, '2025-08-30', 'paid'),
    (47, 47, '2025-07-16', '2025-08-15', 1921, 2131, 210, 0.05, 7525.45, 752.55, '2025-08-30', 'paid'),
    (48, 48, '2025-07-16', '2025-08-15', 4795, 5048, 253, 0.12, 6623.64, 662.36, '2025-08-30', 'paid'),
    (49, 49, '2025-07-16', '2025-08-15', 4462, 4550, 88, 0.15, 5442.73, 544.27, '2025-08-30', 'paid'),
    (50, 50, '2025-07-16', '2025-08-15', 3412, 3624, 212, 0.05, 6039.09, 603.91, '2025-08-30', 'paid'),
    (51, 51, '2025-07-16', '2025-08-15', 3171, 3411, 240, 0.12, 1391.82, 139.18, '2025-08-30', 'paid'),
    (52, 52, '2025-07-16', '2025-08-15', 2375, 2468, 93, 0.15, 3812.73, 381.27, '2025-08-30', 'paid'),
    (53, 53, '2025-07-16', '2025-08-15', 5048, 5191, 143, 0.05, 7919.09, 791.91, '2025-08-30', 'paid'),
    (54, 54, '2025-07-16', '2025-08-15', 2500, 2553, 53, 0.12, 6395.45, 639.55, '2025-08-30', 'paid'),
    (55, 55, '2025-07-16', '2025-08-15', 2527, 2744, 217, 0.15, 4506.36, 450.64, '2025-08-30', 'paid'),
    (56, 56, '2025-07-16', '2025-08-15', 2818, 2938, 120, 0.05, 8044.55, 804.45, '2025-08-30', 'paid'),
    (57, 57, '2025-07-16', '2025-08-15', 2242, 2413, 171, 0.12, 5750.91, 575.09, '2025-08-30', 'paid'),
    (58, 58, '2025-07-16', '2025-08-15', 4058, 4214, 156, 0.15, 6279.09, 627.91, '2025-08-30', 'paid'),
    (59, 59, '2025-07-16', '2025-08-15', 4673, 4772, 99, 0.05, 8821.82, 882.18, '2025-08-30', 'paid'),
    (60, 60, '2025-07-16', '2025-08-15', 2746, 2878, 132, 0.12, 4488.18, 448.82, '2025-08-30', 'paid'),
    (1, 1, '2025-08-15', '2025-09-14', 4637, 4777, 140, 0.15, 4869.09, 486.91, '2025-09-29', 'paid'),
    (2, 2, '2025-08-15', '2025-09-14', 4707, 4819, 112, 0.05, 7946.36, 794.64, '2025-09-29', 'paid'),
    (3, 3, '2025-08-15', '2025-09-14', 4826, 5069, 243, 0.12, 6714.55, 671.45, '2025-09-29', 'paid'),
    (4, 4, '2025-08-15', '2025-09-14', 3178, 3326, 148, 0.15, 5263.64, 526.36, '2025-09-29', 'paid'),
    (5, 5, '2025-08-15', '2025-09-14', 4429, 4506, 77, 0.05, 8440.00, 844.00, '2025-09-29', 'paid'),
    (6, 6, '2025-08-15', '2025-09-14', 2160, 2445, 285, 0.12, 2980.00, 298.00, '2025-09-29', 'paid'),
    (7, 7, '2025-08-15', '2025-09-14', 3688, 3838, 150, 0.15, 1854.55, 185.45, '2025-09-29', 'paid'),
    (8, 8, '2025-08-15', '2025-09-14', 1868, 2141, 273, 0.05, 5526.36, 552.64, '2025-09-29', 'paid'),
    (9, 9, '2025-08-15', '2025-09-14', 4909, 5135, 226, 0.12, 2858.18, 285.82, '2025-09-29', 'paid'),
    (10, 10, '2025-08-15', '2025-09-14', 3955, 4162, 207, 0.15, 8550.91, 855.09, '2025-09-29', 'paid'),
    (11, 11, '2025-08-15', '2025-09-14', 4380, 4531, 151, 0.05, 1408.18, 140.82, '2025-09-29', 'paid'),
    (12, 12, '2025-08-15', '2025-09-14', 4978, 5190, 212, 0.12, 3344.55, 334.45, '2025-09-29', 'paid'),
    (13, 13, '2025-08-15', '2025-09-14', 2984, 3178, 194, 0.15, 4722.73, 472.27, '2025-09-29', 'paid'),
    (14, 14, '2025-08-15', '2025-09-14', 3637, 3758, 121, 0.05, 6548.18, 654.82, '2025-09-29', 'paid'),
    (15, 15, '2025-08-15', '2025-09-14', 4700, 4896, 196, 0.12, 5582.73, 558.27, '2025-09-29', 'paid'),
    (16, 16, '2025-08-15', '2025-09-14', 1404, 1639, 235, 0.15, 1679.09, 167.91, '2025-09-29', 'paid'),
    (17, 17, '2025-08-15', '2025-09-14', 2875, 3172, 297, 0.05, 7641.82, 764.18, '2025-09-29', 'paid'),
    (18, 18, '2025-08-15', '2025-09-14', 3230, 3409, 179, 0.12, 8100.91, 810.09, '2025-09-29', 'paid'),
    (19, 19, '2025-08-15', '2025-09-14', 4128, 4334, 206, 0.15, 4281.82, 428.18, '2025-09-29', 'paid'),
    (20, 20, '2025-08-15', '2025-09-14', 1876, 2065, 189, 0.05, 8792.73, 879.27, '2025-09-29', 'paid'),
    (21, 21, '2025-08-15', '2025-09-14', 3583, 3679, 96, 0.12, 5340.91, 534.09, '2025-09-29', 'paid'),
    (22, 22, '2025-08-15', '2025-09-14', 3173, 3324, 151, 0.15, 6461.82, 646.18, '2025-09-29', 'paid'),
    (23, 23, '2025-08-15', '2025-09-14', 4228, 4291, 63, 0.05, 3156.36, 315.64, '2025-09-29', 'paid'),
    (24, 24, '2025-08-15', '2025-09-14', 2543, 2766, 223, 0.12, 3396.36, 339.64, '2025-09-29', 'paid'),
    (25, 25, '2025-08-15', '2025-09-14', 1788, 1967, 179, 0.15, 5143.64, 514.36, '2025-09-29', 'paid'),
    (26, 26, '2025-08-15', '2025-09-14', 2378, 2520, 142, 0.05, 8507.27, 850.73, '2025-09-29', 'paid'),
    (27, 27, '2025-08-15', '2025-09-14', 3809, 3919, 110, 0.12, 8747.27, 874.73, '2025-09-29', 'paid'),
    (28, 28, '2025-08-15', '2025-09-14', 4216, 4483, 267, 0.15, 5922.73, 592.27, '2025-09-29', 'paid'),
    (29, 29, '2025-08-15', '2025-09-14', 2241, 2434, 193, 0.05, 3024.55, 302.45, '2025-09-29', 'paid'),
    (30, 30, '2025-08-15', '2025-09-14', 2516, 2625, 109, 0.12, 7253.64, 725.36, '2025-09-29', 'paid'),
    (31, 31, '2025-08-15', '2025-09-14', 1798, 1859, 61, 0.15, 1276.36, 127.64, '2025-09-29', 'paid'),
    (32, 32, '2025-08-15', '2025-09-14', 3482, 3618, 136, 0.05, 5070.00, 507.00, '2025-09-29', 'paid'),
    (33, 33, '2025-08-15', '2025-09-14', 1715, 1769, 54, 0.12, 2122.73, 212.27, '2025-09-29', 'paid'),
    (34, 34, '2025-08-15', '2025-09-14', 1749, 1876, 127, 0.15, 8083.64, 808.36, '2025-09-29', 'paid'),
    (35, 35, '2025-08-15', '2025-09-14', 3052, 3219, 167, 0.05, 6434.55, 643.45, '2025-09-29', 'paid'),
    (36, 36, '2025-08-15', '2025-09-14', 2338, 2416, 78, 0.12, 5899.09, 589.91, '2025-09-29', 'paid'),
    (37, 37, '2025-08-15', '2025-09-14', 2344, 2634, 290, 0.15, 1391.82, 139.18, '2025-09-29', 'paid'),
    (38, 38, '2025-08-15', '2025-09-14', 1523, 1814, 291, 0.05, 2823.64, 282.36, '2025-09-29', 'paid'),
    (39, 39, '2025-08-15', '2025-09-14', 2287, 2499, 212, 0.12, 7992.73, 799.27, '2025-09-29', 'paid'),
    (40, 40, '2025-08-15', '2025-09-14', 3542, 3698, 156, 0.15, 1144.55, 114.45, '2025-09-29', 'paid'),
    (41, 41, '2025-08-15', '2025-09-14', 3903, 4143, 240, 0.05, 4901.82, 490.18, '2025-09-29', 'paid'),
    (42, 42, '2025-08-15', '2025-09-14', 1346, 1617, 271, 0.12, 8159.09, 815.91, '2025-09-29', 'paid'),
    (43, 43, '2025-08-15', '2025-09-14', 4508, 4664, 156, 0.15, 929.09, 92.91, '2025-09-29', 'paid'),
    (44, 44, '2025-08-15', '2025-09-14', 4280, 4448, 168, 0.05, 2661.82, 266.18, '2025-09-29', 'paid'),
    (45, 45, '2025-08-15', '2025-09-14', 3823, 4056, 233, 0.12, 7563.64, 756.36, '2025-09-29', 'paid'),
    (46, 46, '2025-08-15', '2025-09-14', 3420, 3547, 127, 0.15, 5965.45, 596.55, '2025-09-29', 'paid'),
    (47, 47, '2025-08-15', '2025-09-14', 2131, 2283, 152, 0.05, 1727.27, 172.73, '2025-09-29', 'paid'),
    (48, 48, '2025-08-15', '2025-09-14', 5048, 5203, 155, 0.12, 7336.36, 733.64, '2025-09-29', 'paid'),
    (49, 49, '2025-08-15', '2025-09-14', 4550, 4829, 279, 0.15, 6538.18, 653.82, '2025-09-29', 'paid'),
    (50, 50, '2025-08-15', '2025-09-14', 3624, 3916, 292, 0.05, 4817.27, 481.73, '2025-09-29', 'paid'),
    (51, 51, '2025-08-15', '2025-09-14', 3411, 3531, 120, 0.12, 8013.64, 801.36, '2025-09-29', 'paid'),
    (52, 52, '2025-08-15', '2025-09-14', 2468, 2628, 160, 0.15, 6926.36, 692.64, '2025-09-29', 'paid'),
    (53, 53, '2025-08-15', '2025-09-14', 5191, 5404, 213, 0.05, 7773.64, 777.36, '2025-09-29', 'paid'),
    (54, 54, '2025-08-15', '2025-09-14', 2553, 2818, 265, 0.12, 5900.91, 590.09, '2025-09-29', 'paid'),
    (55, 55, '2025-08-15', '2025-09-14', 2744, 2893, 149, 0.15, 4069.09, 406.91, '2025-09-29', 'paid'),
    (56, 56, '2025-08-15', '2025-09-14', 2938, 3087, 149, 0.05, 4011.82, 401.18, '2025-09-29', 'paid'),
    (57, 57, '2025-08-15', '2025-09-14', 2413, 2628, 215, 0.12, 3356.36, 335.64, '2025-09-29', 'paid'),
    (58, 58, '2025-08-15', '2025-09-14', 4214, 4367, 153, 0.15, 7965.45, 796.55, '2025-09-29', 'paid'),
    (59, 59, '2025-08-15', '2025-09-14', 4772, 4921, 149, 0.05, 2173.64, 217.36, '2025-09-29', 'paid'),
    (60, 60, '2025-08-15', '2025-09-14', 2878, 3106, 228, 0.12, 4117.27, 411.73, '2025-09-29', 'paid'),
    (1, 1, '2025-09-14', '2025-10-14', 4777, 5019, 242, 0.15, 8055.45, 805.55, '2025-10-29', 'paid'),
    (2, 2, '2025-09-14', '2025-10-14', 4819, 4961, 142, 0.05, 5701.82, 570.18, '2025-10-29', 'paid'),
    (3, 3, '2025-09-14', '2025-10-14', 5069, 5276, 207, 0.12, 5248.18, 524.82, '2025-10-29', 'paid'),
    (4, 4, '2025-09-14', '2025-10-14', 3326, 3382, 56, 0.15, 4329.09, 432.91, '2025-10-29', 'paid'),
    (5, 5, '2025-09-14', '2025-10-14', 4506, 4747, 241, 0.05, 923.64, 92.36, '2025-10-29', 'paid'),
    (6, 6, '2025-09-14', '2025-10-14', 2445, 2580, 135, 0.12, 3996.36, 399.64, '2025-10-29', 'paid'),
    (7, 7, '2025-09-14', '2025-10-14', 3838, 4016, 178, 0.15, 7453.64, 745.36, '2025-10-29', 'paid'),
    (8, 8, '2025-09-14', '2025-10-14', 2141, 2213, 72, 0.05, 8557.27, 855.73, '2025-10-29', 'paid'),
    (9, 9, '2025-09-14', '2025-10-14', 5135, 5205, 70, 0.12, 5660.91, 566.09, '2025-10-29', 'paid'),
    (10, 10, '2025-09-14', '2025-10-14', 4162, 4458, 296, 0.15, 8904.55, 890.45, '2025-10-29', 'paid'),
    (11, 11, '2025-09-14', '2025-10-14', 4531, 4674, 143, 0.05, 4122.73, 412.27, '2025-10-29', 'paid'),
    (12, 12, '2025-09-14', '2025-10-14', 5190, 5475, 285, 0.12, 9050.00, 905.00, '2025-10-29', 'paid'),
    (13, 13, '2025-09-14', '2025-10-14', 3178, 3440, 262, 0.15, 3104.55, 310.45, '2025-10-29', 'paid'),
    (14, 14, '2025-09-14', '2025-10-14', 3758, 3817, 59, 0.05, 3372.73, 337.27, '2025-10-29', 'paid'),
    (15, 15, '2025-09-14', '2025-10-14', 4896, 5088, 192, 0.12, 5688.18, 568.82, '2025-10-29', 'paid'),
    (16, 16, '2025-09-14', '2025-10-14', 1639, 1827, 188, 0.15, 2964.55, 296.45, '2025-10-29', 'paid'),
    (17, 17, '2025-09-14', '2025-10-14', 3172, 3347, 175, 0.05, 2773.64, 277.36, '2025-10-29', 'paid'),
    (18, 18, '2025-09-14', '2025-10-14', 3409, 3509, 100, 0.12, 1960.00, 196.00, '2025-10-29', 'paid'),
    (19, 19, '2025-09-14', '2025-10-14', 4334, 4576, 242, 0.15, 2847.27, 284.73, '2025-10-29', 'paid'),
    (20, 20, '2025-09-14', '2025-10-14', 2065, 2302, 237, 0.05, 5598.18, 559.82, '2025-10-29', 'paid'),
    (21, 21, '2025-09-14', '2025-10-14', 3679, 3913, 234, 0.12, 5697.27, 569.73, '2025-10-29', 'paid'),
    (22, 22, '2025-09-14', '2025-10-14', 3324, 3612, 288, 0.15, 4867.27, 486.73, '2025-10-29', 'paid'),
    (23, 23, '2025-09-14', '2025-10-14', 4291, 4485, 194, 0.05, 3264.55, 326.45, '2025-10-29', 'paid'),
    (24, 24, '2025-09-14', '2025-10-14', 2766, 2952, 186, 0.12, 8050.00, 805.00, '2025-10-29', 'paid'),
    (25, 25, '2025-09-14', '2025-10-14', 1967, 2224, 257, 0.15, 6242.73, 624.27, '2025-10-29', 'paid'),
    (26, 26, '2025-09-14', '2025-10-14', 2520, 2590, 70, 0.05, 5919.09, 591.91, '2025-10-29', 'paid'),
    (27, 27, '2025-09-14', '2025-10-14', 3919, 4016, 97, 0.12, 4060.00, 406.00, '2025-10-29', 'paid'),
    (28, 28, '2025-09-14', '2025-10-14', 4483, 4700, 217, 0.15, 7835.45, 783.55, '2025-10-29', 'paid'),
    (29, 29, '2025-09-14', '2025-10-14', 2434, 2613, 179, 0.05, 1470.91, 147.09, '2025-10-29', 'paid'),
    (30, 30, '2025-09-14', '2025-10-14', 2625, 2824, 199, 0.12, 3170.91, 317.09, '2025-10-29', 'paid'),
    (31, 31, '2025-09-14', '2025-10-14', 1859, 2024, 165, 0.15, 1352.73, 135.27, '2025-10-29', 'paid'),
    (32, 32, '2025-09-14', '2025-10-14', 3618, 3860, 242, 0.05, 2741.82, 274.18, '2025-10-29', 'paid'),
    (33, 33, '2025-09-14', '2025-10-14', 1769, 1866, 97, 0.12, 1612.73, 161.27, '2025-10-29', 'paid'),
    (34, 34, '2025-09-14', '2025-10-14', 1876, 2114, 238, 0.15, 7001.82, 700.18, '2025-10-29', 'paid'),
    (35, 35, '2025-09-14', '2025-10-14', 3219, 3361, 142, 0.05, 4269.09, 426.91, '2025-10-29', 'paid'),
    (36, 36, '2025-09-14', '2025-10-14', 2416, 2531, 115, 0.12, 2615.45, 261.55, '2025-10-29', 'paid'),
    (37, 37, '2025-09-14', '2025-10-14', 2634, 2829, 195, 0.15, 6360.00, 636.00, '2025-10-29', 'paid'),
    (38, 38, '2025-09-14', '2025-10-14', 1814, 1946, 132, 0.05, 6896.36, 689.64, '2025-10-29', 'paid'),
    (39, 39, '2025-09-14', '2025-10-14', 2499, 2576, 77, 0.12, 3119.09, 311.91, '2025-10-29', 'paid'),
    (40, 40, '2025-09-14', '2025-10-14', 3698, 3777, 79, 0.15, 7720.91, 772.09, '2025-10-29', 'paid'),
    (41, 41, '2025-09-14', '2025-10-14', 4143, 4242, 99, 0.05, 8074.55, 807.45, '2025-10-29', 'paid'),
    (42, 42, '2025-09-14', '2025-10-14', 1617, 1827, 210, 0.12, 2148.18, 214.82, '2025-10-29', 'paid'),
    (43, 43, '2025-09-14', '2025-10-14', 4664, 4870, 206, 0.15, 5241.82, 524.18, '2025-10-29', 'paid'),
    (44, 44, '2025-09-14', '2025-10-14', 4448, 4547, 99, 0.05, 3640.91, 364.09, '2025-10-29', 'paid'),
    (45, 45, '2025-09-14', '2025-10-14', 4056, 4274, 218, 0.12, 3523.64, 352.36, '2025-10-29', 'paid'),
    (46, 46, '2025-09-14', '2025-10-14', 3547, 3814, 267, 0.15, 3651.82, 365.18, '2025-10-29', 'paid'),
    (47, 47, '2025-09-14', '2025-10-14', 2283, 2428, 145, 0.05, 2423.64, 242.36, '2025-10-29', 'paid'),
    (48, 48, '2025-09-14', '2025-10-14', 5203, 5394, 191, 0.12, 5513.64, 551.36, '2025-10-29', 'paid'),
    (49, 49, '2025-09-14', '2025-10-14', 4829, 5061, 232, 0.15, 4161.82, 416.18, '2025-10-29', 'paid'),
    (50, 50, '2025-09-14', '2025-10-14', 3916, 4102, 186, 0.05, 8740.91, 874.09, '2025-10-29', 'paid'),
    (51, 51, '2025-09-14', '2025-10-14', 3531, 3728, 197, 0.12, 8206.36, 820.64, '2025-10-29', 'paid'),
    (52, 52, '2025-09-14', '2025-10-14', 2628, 2786, 158, 0.15, 6958.18, 695.82, '2025-10-29', 'paid'),
    (53, 53, '2025-09-14', '2025-10-14', 5404, 5663, 259, 0.05, 2586.36, 258.64, '2025-10-29', 'paid'),
    (54, 54, '2025-09-14', '2025-10-14', 2818, 2962, 144, 0.12, 1749.09, 174.91, '2025-10-29', 'paid'),
    (55, 55, '2025-09-14', '2025-10-14', 2893, 3054, 161, 0.15, 5649.09, 564.91, '2025-10-29', 'paid'),
    (56, 56, '2025-09-14', '2025-10-14', 3087, 3165, 78, 0.05, 2404.55, 240.45, '2025-10-29', 'overdue'),
    (57, 57, '2025-09-14', '2025-10-14', 2628, 2905, 277, 0.12, 5658.18, 565.82, '2025-10-29', 'overdue'),
    (58, 58, '2025-09-14', '2025-10-14', 4367, 4498, 131, 0.15, 1283.64, 128.36, '2025-10-29', 'overdue'),
    (59, 59, '2025-09-14', '2025-10-14', 4921, 5146, 225, 0.05, 5072.73, 507.27, '2025-10-29', 'overdue'),
    (60, 60, '2025-09-14', '2025-10-14', 3106, 3183, 77, 0.12, 3749.09, 374.91, '2025-10-29', 'overdue'),
    (1, 1, '2025-10-14', '2025-11-13', 5019, 5101, 82, 0.15, 3201.82, 320.18, '2025-11-28', 'paid'),
    (2, 2, '2025-10-14', '2025-11-13', 4961, 5261, 300, 0.05, 3687.27, 368.73, '2025-11-28', 'paid'),
    (3, 3, '2025-10-14', '2025-11-13', 5276, 5466, 190, 0.12, 4371.82, 437.18, '2025-11-28', 'paid'),
    (4, 4, '2025-10-14', '2025-11-13', 3382, 3502, 120, 0.15, 5150.91, 515.09, '2025-11-28', 'paid'),
    (5, 5, '2025-10-14', '2025-11-13', 4747, 4891, 144, 0.05, 1784.55, 178.45, '2025-11-28', 'paid'),
    (6, 6, '2025-10-14', '2025-11-13', 2580, 2812, 232, 0.12, 6604.55, 660.45, '2025-11-28', 'paid'),
    (7, 7, '2025-10-14', '2025-11-13', 4016, 4261, 245, 0.15, 8923.64, 892.36, '2025-11-28', 'paid'),
    (8, 8, '2025-10-14', '2025-11-13', 2213, 2508, 295, 0.05, 4815.45, 481.55, '2025-11-28', 'paid'),
    (9, 9, '2025-10-14', '2025-11-13', 5205, 5266, 61, 0.12, 3614.55, 361.45, '2025-11-28', 'paid'),
    (10, 10, '2025-10-14', '2025-11-13', 4458, 4579, 121, 0.15, 8732.73, 873.27, '2025-11-28', 'paid'),
    (11, 11, '2025-10-14', '2025-11-13', 4674, 4878, 204, 0.05, 7350.91, 735.09, '2025-11-28', 'paid'),
    (12, 12, '2025-10-14', '2025-11-13', 5475, 5760, 285, 0.12, 5729.09, 572.91, '2025-11-28', 'paid'),
    (13, 13, '2025-10-14', '2025-11-13', 3440, 3611, 171, 0.15, 5705.45, 570.55, '2025-11-28', 'paid'),
    (14, 14, '2025-10-14', '2025-11-13', 3817, 3889, 72, 0.05, 2183.64, 218.36, '2025-11-28', 'paid'),
    (15, 15, '2025-10-14', '2025-11-13', 5088, 5290, 202, 0.12, 1737.27, 173.73, '2025-11-28', 'paid'),
    (16, 16, '2025-10-14', '2025-11-13', 1827, 2061, 234, 0.15, 984.55, 98.45, '2025-11-28', 'paid'),
    (17, 17, '2025-10-14', '2025-11-13', 3347, 3626, 279, 0.05, 6315.45, 631.55, '2025-11-28', 'paid'),
    (18, 18, '2025-10-14', '2025-11-13', 3509, 3581, 72, 0.12, 5600.00, 560.00, '2025-11-28', 'paid'),
    (19, 19, '2025-10-14', '2025-11-13', 4576, 4670, 94, 0.15, 8959.09, 895.91, '2025-11-28', 'paid'),
    (20, 20, '2025-10-14', '2025-11-13', 2302, 2434, 132, 0.05, 1580.91, 158.09, '2025-11-28', 'paid'),
    (21, 21, '2025-10-14', '2025-11-13', 3913, 4020, 107, 0.12, 2720.91, 272.09, '2025-11-28', 'paid'),
    (22, 22, '2025-10-14', '2025-11-13', 3612, 3724, 112, 0.15, 7225.45, 722.55, '2025-11-28', 'paid'),
    (23, 23, '2025-10-14', '2025-11-13', 4485, 4645, 160, 0.05, 4283.64, 428.36, '2025-11-28', 'paid'),
    (24, 24, '2025-10-14', '2025-11-13', 2952, 3241, 289, 0.12, 4131.82, 413.18, '2025-11-28', 'paid'),
    (25, 25, '2025-10-14', '2025-11-13', 2224, 2449, 225, 0.15, 8132.73, 813.27, '2025-11-28', 'paid'),
    (26, 26, '2025-10-14', '2025-11-13', 2590, 2806, 216, 0.05, 8737.27, 873.73, '2025-11-28', 'paid'),
    (27, 27, '2025-10-14', '2025-11-13', 4016, 4124, 108, 0.12, 1326.36, 132.64, '2025-11-28', 'paid'),
    (28, 28, '2025-10-14', '2025-11-13', 4700, 4952, 252, 0.15, 7409.09, 740.91, '2025-11-28', 'paid'),
    (29, 29, '2025-10-14', '2025-11-13', 2613, 2746, 133, 0.05, 7793.64, 779.36, '2025-11-28', 'paid'),
    (30, 30, '2025-10-14', '2025-11-13', 2824, 3026, 202, 0.12, 1501.82, 150.18, '2025-11-28', 'paid'),
    (31, 31, '2025-10-14', '2025-11-13', 2024, 2158, 134, 0.15, 6248.18, 624.82, '2025-11-28', 'paid'),
    (32, 32, '2025-10-14', '2025-11-13', 3860, 4015, 155, 0.05, 7568.18, 756.82, '2025-11-28', 'paid'),
    (33, 33, '2025-10-14', '2025-11-13', 1866, 2032, 166, 0.12, 3164.55, 316.45, '2025-11-28', 'paid'),
    (34, 34, '2025-10-14', '2025-11-13', 2114, 2305, 191, 0.15, 4111.82, 411.18, '2025-11-28', 'paid'),
    (35, 35, '2025-10-14', '2025-11-13', 3361, 3477, 116, 0.05, 3039.09, 303.91, '2025-11-28', 'paid'),
    (36, 36, '2025-10-14', '2025-11-13', 2531, 2639, 108, 0.12, 1734.55, 173.45, '2025-11-28', 'paid'),
    (37, 37, '2025-10-14', '2025-11-13', 2829, 3061, 232, 0.15, 7659.09, 765.91, '2025-11-28', 'paid'),
    (38, 38, '2025-10-14', '2025-11-13', 1946, 2052, 106, 0.05, 3863.64, 386.36, '2025-11-28', 'paid'),
    (39, 39, '2025-10-14', '2025-11-13', 2576, 2683, 107, 0.12, 1592.73, 159.27, '2025-11-28', 'paid'),
    (40, 40, '2025-10-14', '2025-11-13', 3777, 4057, 280, 0.15, 5240.91, 524.09, '2025-11-28', 'paid'),
    (41, 41, '2025-10-14', '2025-11-13', 4242, 4298, 56, 0.05, 3060.91, 306.09, '2025-11-28', 'paid'),
    (42, 42, '2025-10-14', '2025-11-13', 1827, 2046, 219, 0.12, 7731.82, 773.18, '2025-11-28', 'paid'),
    (43, 43, '2025-10-14', '2025-11-13', 4870, 5107, 237, 0.15, 2088.18, 208.82, '2025-11-28', 'paid'),
    (44, 44, '2025-10-14', '2025-11-13', 4547, 4647, 100, 0.05, 9056.36, 905.64, '2025-11-28', 'paid'),
    (45, 45, '2025-10-14', '2025-11-13', 4274, 4447, 173, 0.12, 2357.27, 235.73, '2025-11-28', 'paid'),
    (46, 46, '2025-10-14', '2025-11-13', 3814, 3922, 108, 0.15, 3064.55, 306.45, '2025-11-28', 'paid'),
    (47, 47, '2025-10-14', '2025-11-13', 2428, 2629, 201, 0.05, 1936.36, 193.64, '2025-11-28', 'paid'),
    (48, 48, '2025-10-14', '2025-11-13', 5394, 5622, 228, 0.12, 5126.36, 512.64, '2025-11-28', 'paid'),
    (49, 49, '2025-10-14', '2025-11-13', 5061, 5227, 166, 0.15, 4226.36, 422.64, '2025-11-28', 'paid'),
    (50, 50, '2025-10-14', '2025-11-13', 4102, 4300, 198, 0.05, 4712.73, 471.27, '2025-11-28', 'paid'),
    (51, 51, '2025-10-14', '2025-11-13', 3728, 3803, 75, 0.12, 8121.82, 812.18, '2025-11-28', 'paid'),
    (52, 52, '2025-10-14', '2025-11-13', 2786, 2846, 60, 0.15, 4437.27, 443.73, '2025-11-28', 'paid'),
    (53, 53, '2025-10-14', '2025-11-13', 5663, 5840, 177, 0.05, 4319.09, 431.91, '2025-11-28', 'paid'),
    (54, 54, '2025-10-14', '2025-11-13', 2962, 3124, 162, 0.12, 4227.27, 422.73, '2025-11-28', 'paid'),
    (55, 55, '2025-10-14', '2025-11-13', 3054, 3310, 256, 0.15, 1676.36, 167.64, '2025-11-28', 'paid'),
    (56, 56, '2025-10-14', '2025-11-13', 3165, 3338, 173, 0.05, 7839.09, 783.91, '2025-11-28', 'overdue'),
    (57, 57, '2025-10-14', '2025-11-13', 2905, 3159, 254, 0.12, 6270.00, 627.00, '2025-11-28', 'overdue'),
    (58, 58, '2025-10-14', '2025-11-13', 4498, 4774, 276, 0.15, 2532.73, 253.27, '2025-11-28', 'overdue'),
    (59, 59, '2025-10-14', '2025-11-13', 5146, 5244, 98, 0.05, 2580.91, 258.09, '2025-11-28', 'overdue'),
    (60, 60, '2025-10-14', '2025-11-13', 3183, 3467, 284, 0.12, 4022.73, 402.27, '2025-11-28', 'overdue'),
    (1, 1, '2025-11-13', '2025-12-13', 5101, 5341, 240, 0.15, 5215.45, 521.55, '2025-12-28', 'paid'),
    (2, 2, '2025-11-13', '2025-12-13', 5261, 5343, 82, 0.05, 3440.91, 344.09, '2025-12-28', 'paid'),
    (3, 3, '2025-11-13', '2025-12-13', 5466, 5639, 173, 0.12, 6739.09, 673.91, '2025-12-28', 'paid'),
    (4, 4, '2025-11-13', '2025-12-13', 3502, 3578, 76, 0.15, 4929.09, 492.91, '2025-12-28', 'paid'),
    (5, 5, '2025-11-13', '2025-12-13', 4891, 5151, 260, 0.05, 2734.55, 273.45, '2025-12-28', 'paid'),
    (6, 6, '2025-11-13', '2025-12-13', 2812, 3004, 192, 0.12, 3325.45, 332.55, '2025-12-28', 'paid'),
    (7, 7, '2025-11-13', '2025-12-13', 4261, 4502, 241, 0.15, 2000.91, 200.09, '2025-12-28', 'paid'),
    (8, 8, '2025-11-13', '2025-12-13', 2508, 2781, 273, 0.05, 2904.55, 290.45, '2025-12-28', 'paid'),
    (9, 9, '2025-11-13', '2025-12-13', 5266, 5384, 118, 0.12, 7481.82, 748.18, '2025-12-28', 'paid'),
    (10, 10, '2025-11-13', '2025-12-13', 4579, 4703, 124, 0.15, 5114.55, 511.45, '2025-12-28', 'paid'),
    (11, 11, '2025-11-13', '2025-12-13', 4878, 5052, 174, 0.05, 6128.18, 612.82, '2025-12-28', 'paid'),
    (12, 12, '2025-11-13', '2025-12-13', 5760, 5870, 110, 0.12, 7557.27, 755.73, '2025-12-28', 'paid'),
    (13, 13, '2025-11-13', '2025-12-13', 3611, 3775, 164, 0.15, 1281.82, 128.18, '2025-12-28', 'paid'),
    (14, 14, '2025-11-13', '2025-12-13', 3889, 4163, 274, 0.05, 4084.55, 408.45, '2025-12-28', 'paid'),
    (15, 15, '2025-11-13', '2025-12-13', 5290, 5367, 77, 0.12, 4167.27, 416.73, '2025-12-28', 'paid'),
    (16, 16, '2025-11-13', '2025-12-13', 2061, 2209, 148, 0.15, 3630.91, 363.09, '2025-12-28', 'paid'),
    (17, 17, '2025-11-13', '2025-12-13', 3626, 3884, 258, 0.05, 6621.82, 662.18, '2025-12-28', 'paid'),
    (18, 18, '2025-11-13', '2025-12-13', 3581, 3669, 88, 0.12, 6862.73, 686.27, '2025-12-28', 'paid'),
    (19, 19, '2025-11-13', '2025-12-13', 4670, 4851, 181, 0.15, 7353.64, 735.36, '2025-12-28', 'paid'),
    (20, 20, '2025-11-13', '2025-12-13', 2434, 2569, 135, 0.05, 8290.91, 829.09, '2025-12-28', 'paid'),
    (21, 21, '2025-11-13', '2025-12-13', 4020, 4088, 68, 0.12, 4876.36, 487.64, '2025-12-28', 'paid'),
    (22, 22, '2025-11-13', '2025-12-13', 3724, 3885, 161, 0.15, 8947.27, 894.73, '2025-12-28', 'paid'),
    (23, 23, '2025-11-13', '2025-12-13', 4645, 4859, 214, 0.05, 5566.36, 556.64, '2025-12-28', 'paid'),
    (24, 24, '2025-11-13', '2025-12-13', 3241, 3379, 138, 0.12, 8130.00, 813.00, '2025-12-28', 'paid'),
    (25, 25, '2025-11-13', '2025-12-13', 2449, 2732, 283, 0.15, 4470.00, 447.00, '2025-12-28', 'paid'),
    (26, 26, '2025-11-13', '2025-12-13', 2806, 2909, 103, 0.05, 2295.45, 229.55, '2025-12-28', 'paid'),
    (27, 27, '2025-11-13', '2025-12-13', 4124, 4385, 261, 0.12, 7518.18, 751.82, '2025-12-28', 'paid'),
    (28, 28, '2025-11-13', '2025-12-13', 4952, 5145, 193, 0.15, 3840.00, 384.00, '2025-12-28', 'paid'),
    (29, 29, '2025-11-13', '2025-12-13', 2746, 2916, 170, 0.05, 6590.91, 659.09, '2025-12-28', 'paid'),
    (30, 30, '2025-11-13', '2025-12-13', 3026, 3110, 84, 0.12, 2727.27, 272.73, '2025-12-28', 'paid'),
    (31, 31, '2025-11-13', '2025-12-13', 2158, 2384, 226, 0.15, 6419.09, 641.91, '2025-12-28', 'paid'),
    (32, 32, '2025-11-13', '2025-12-13', 4015, 4239, 224, 0.05, 5222.73, 522.27, '2025-12-28', 'paid'),
    (33, 33, '2025-11-13', '2025-12-13', 2032, 2175, 143, 0.12, 2267.27, 226.73, '2025-12-28', 'paid'),
    (34, 34, '2025-11-13', '2025-12-13', 2305, 2359, 54, 0.15, 1686.36, 168.64, '2025-12-28', 'paid'),
    (35, 35, '2025-11-13', '2025-12-13', 3477, 3747, 270, 0.05, 3224.55, 322.45, '2025-12-28', 'paid'),
    (36, 36, '2025-11-13', '2025-12-13', 2639, 2848, 209, 0.12, 8675.45, 867.55, '2025-12-28', 'paid'),
    (37, 37, '2025-11-13', '2025-12-13', 3061, 3188, 127, 0.15, 4145.45, 414.55, '2025-12-28', 'paid'),
    (38, 38, '2025-11-13', '2025-12-13', 2052, 2312, 260, 0.05, 2565.45, 256.55, '2025-12-28', 'paid'),
    (39, 39, '2025-11-13', '2025-12-13', 2683, 2843, 160, 0.12, 2722.73, 272.27, '2025-12-28', 'paid'),
    (40, 40, '2025-11-13', '2025-12-13', 4057, 4191, 134, 0.15, 7142.73, 714.27, '2025-12-28', 'paid'),
    (41, 41, '2025-11-13', '2025-12-13', 4298, 4348, 50, 0.05, 6488.18, 648.82, '2025-12-28', 'paid'),
    (42, 42, '2025-11-13', '2025-12-13', 2046, 2222, 176, 0.12, 3389.09, 338.91, '2025-12-28', 'paid'),
    (43, 43, '2025-11-13', '2025-12-13', 5107, 5356, 249, 0.15, 5803.64, 580.36, '2025-12-28', 'paid'),
    (44, 44, '2025-11-13', '2025-12-13', 4647, 4705, 58, 0.05, 6091.82, 609.18, '2025-12-28', 'paid'),
    (45, 45, '2025-11-13', '2025-12-13', 4447, 4559, 112, 0.12, 943.64, 94.36, '2025-12-28', 'paid'),
    (46, 46, '2025-11-13', '2025-12-13', 3922, 4158, 236, 0.15, 1328.18, 132.82, '2025-12-28', 'paid'),
    (47, 47, '2025-11-13', '2025-12-13', 2629, 2780, 151, 0.05, 1347.27, 134.73, '2025-12-28', 'paid'),
    (48, 48, '2025-11-13', '2025-12-13', 5622, 5862, 240, 0.12, 1817.27, 181.73, '2025-12-28', 'paid'),
    (49, 49, '2025-11-13', '2025-12-13', 5227, 5451, 224, 0.15, 3234.55, 323.45, '2025-12-28', 'paid'),
    (50, 50, '2025-11-13', '2025-12-13', 4300, 4357, 57, 0.05, 6127.27, 612.73, '2025-12-28', 'paid'),
    (51, 51, '2025-11-13', '2025-12-13', 3803, 4034, 231, 0.12, 8733.64, 873.36, '2025-12-28', 'paid'),
    (52, 52, '2025-11-13', '2025-12-13', 2846, 2926, 80, 0.15, 3733.64, 373.36, '2025-12-28', 'paid'),
    (53, 53, '2025-11-13', '2025-12-13', 5840, 6014, 174, 0.05, 8354.55, 835.45, '2025-12-28', 'paid'),
    (54, 54, '2025-11-13', '2025-12-13', 3124, 3368, 244, 0.12, 3379.09, 337.91, '2025-12-28', 'paid'),
    (55, 55, '2025-11-13', '2025-12-13', 3310, 3372, 62, 0.15, 2062.73, 206.27, '2025-12-28', 'paid'),
    (56, 56, '2025-11-13', '2025-12-13', 3338, 3473, 135, 0.05, 7210.00, 721.00, '2025-12-28', 'overdue'),
    (57, 57, '2025-11-13', '2025-12-13', 3159, 3320, 161, 0.12, 8478.18, 847.82, '2025-12-28', 'overdue'),
    (58, 58, '2025-11-13', '2025-12-13', 4774, 5010, 236, 0.15, 4565.45, 456.55, '2025-12-28', 'overdue'),
    (59, 59, '2025-11-13', '2025-12-13', 5244, 5455, 211, 0.05, 1099.09, 109.91, '2025-12-28', 'overdue'),
    (60, 60, '2025-11-13', '2025-12-13', 3467, 3576, 109, 0.12, 2945.45, 294.55, '2025-12-28', 'overdue'),
    (1, 1, '2025-12-13', '2026-01-12', 5341, 5409, 68, 0.15, 8484.55, 848.45, '2026-01-27', 'paid'),
    (2, 2, '2025-12-13', '2026-01-12', 5343, 5575, 232, 0.05, 8405.45, 840.55, '2026-01-27', 'paid'),
    (3, 3, '2025-12-13', '2026-01-12', 5639, 5740, 101, 0.12, 8878.18, 887.82, '2026-01-27', 'paid'),
    (4, 4, '2025-12-13', '2026-01-12', 3578, 3740, 162, 0.15, 6295.45, 629.55, '2026-01-27', 'paid'),
    (5, 5, '2025-12-13', '2026-01-12', 5151, 5240, 89, 0.05, 1089.09, 108.91, '2026-01-27', 'paid'),
    (6, 6, '2025-12-13', '2026-01-12', 3004, 3057, 53, 0.12, 6934.55, 693.45, '2026-01-27', 'paid'),
    (7, 7, '2025-12-13', '2026-01-12', 4502, 4715, 213, 0.15, 1390.91, 139.09, '2026-01-27', 'paid'),
    (8, 8, '2025-12-13', '2026-01-12', 2781, 3007, 226, 0.05, 4251.82, 425.18, '2026-01-27', 'paid'),
    (9, 9, '2025-12-13', '2026-01-12', 5384, 5664, 280, 0.12, 7852.73, 785.27, '2026-01-27', 'paid'),
    (10, 10, '2025-12-13', '2026-01-12', 4703, 4948, 245, 0.15, 2353.64, 235.36, '2026-01-27', 'paid'),
    (11, 11, '2025-12-13', '2026-01-12', 5052, 5246, 194, 0.05, 5010.00, 501.00, '2026-01-27', 'paid'),
    (12, 12, '2025-12-13', '2026-01-12', 5870, 5975, 105, 0.12, 7836.36, 783.64, '2026-01-27', 'paid'),
    (13, 13, '2025-12-13', '2026-01-12', 3775, 4015, 240, 0.15, 2999.09, 299.91, '2026-01-27', 'paid'),
    (14, 14, '2025-12-13', '2026-01-12', 4163, 4273, 110, 0.05, 4000.91, 400.09, '2026-01-27', 'paid'),
    (15, 15, '2025-12-13', '2026-01-12', 5367, 5616, 249, 0.12, 4058.18, 405.82, '2026-01-27', 'paid'),
    (16, 16, '2025-12-13', '2026-01-12', 2209, 2406, 197, 0.15, 7931.82, 793.18, '2026-01-27', 'paid'),
    (17, 17, '2025-12-13', '2026-01-12', 3884, 4117, 233, 0.05, 8183.64, 818.36, '2026-01-27', 'paid'),
    (18, 18, '2025-12-13', '2026-01-12', 3669, 3838, 169, 0.12, 1480.91, 148.09, '2026-01-27', 'paid'),
    (19, 19, '2025-12-13', '2026-01-12', 4851, 5145, 294, 0.15, 5531.82, 553.18, '2026-01-27', 'paid'),
    (20, 20, '2025-12-13', '2026-01-12', 2569, 2729, 160, 0.05, 8512.73, 851.27, '2026-01-27', 'paid'),
    (21, 21, '2025-12-13', '2026-01-12', 4088, 4321, 233, 0.12, 6914.55, 691.45, '2026-01-27', 'paid'),
    (22, 22, '2025-12-13', '2026-01-12', 3885, 4060, 175, 0.15, 5491.82, 549.18, '2026-01-27', 'paid'),
    (23, 23, '2025-12-13', '2026-01-12', 4859, 4959, 100, 0.05, 6810.00, 681.00, '2026-01-27', 'paid'),
    (24, 24, '2025-12-13', '2026-01-12', 3379, 3641, 262, 0.12, 2118.18, 211.82, '2026-01-27', 'paid'),
    (25, 25, '2025-12-13', '2026-01-12', 2732, 2933, 201, 0.15, 7815.45, 781.55, '2026-01-27', 'paid'),
    (26, 26, '2025-12-13', '2026-01-12', 2909, 3026, 117, 0.05, 2329.09, 232.91, '2026-01-27', 'paid'),
    (27, 27, '2025-12-13', '2026-01-12', 4385, 4591, 206, 0.12, 4316.36, 431.64, '2026-01-27', 'paid'),
    (28, 28, '2025-12-13', '2026-01-12', 5145, 5422, 277, 0.15, 3290.00, 329.00, '2026-01-27', 'paid'),
    (29, 29, '2025-12-13', '2026-01-12', 2916, 3102, 186, 0.05, 2477.27, 247.73, '2026-01-27', 'paid'),
    (30, 30, '2025-12-13', '2026-01-12', 3110, 3377, 267, 0.12, 3805.45, 380.55, '2026-01-27', 'paid'),
    (31, 31, '2025-12-13', '2026-01-12', 2384, 2583, 199, 0.15, 2164.55, 216.45, '2026-01-27', 'paid'),
    (32, 32, '2025-12-13', '2026-01-12', 4239, 4474, 235, 0.05, 3466.36, 346.64, '2026-01-27', 'paid'),
    (33, 33, '2025-12-13', '2026-01-12', 2175, 2233, 58, 0.12, 6550.00, 655.00, '2026-01-27', 'paid'),
    (34, 34, '2025-12-13', '2026-01-12', 2359, 2548, 189, 0.15, 4807.27, 480.73, '2026-01-27', 'paid'),
    (35, 35, '2025-12-13', '2026-01-12', 3747, 3924, 177, 0.05, 2513.64, 251.36, '2026-01-27', 'paid'),
    (36, 36, '2025-12-13', '2026-01-12', 2848, 3017, 169, 0.12, 6368.18, 636.82, '2026-01-27', 'paid'),
    (37, 37, '2025-12-13', '2026-01-12', 3188, 3406, 218, 0.15, 7720.00, 772.00, '2026-01-27', 'paid'),
    (38, 38, '2025-12-13', '2026-01-12', 2312, 2477, 165, 0.05, 3376.36, 337.64, '2026-01-27', 'paid'),
    (39, 39, '2025-12-13', '2026-01-12', 2843, 3109, 266, 0.12, 9050.91, 905.09, '2026-01-27', 'paid'),
    (40, 40, '2025-12-13', '2026-01-12', 4191, 4266, 75, 0.15, 2367.27, 236.73, '2026-01-27', 'paid'),
    (41, 41, '2025-12-13', '2026-01-12', 4348, 4506, 158, 0.05, 9064.55, 906.45, '2026-01-27', 'paid'),
    (42, 42, '2025-12-13', '2026-01-12', 2222, 2276, 54, 0.12, 7583.64, 758.36, '2026-01-27', 'paid'),
    (43, 43, '2025-12-13', '2026-01-12', 5356, 5531, 175, 0.15, 7644.55, 764.45, '2026-01-27', 'paid'),
    (44, 44, '2025-12-13', '2026-01-12', 4705, 4847, 142, 0.05, 8994.55, 899.45, '2026-01-27', 'paid'),
    (45, 45, '2025-12-13', '2026-01-12', 4559, 4840, 281, 0.12, 8539.09, 853.91, '2026-01-27', 'paid'),
    (46, 46, '2025-12-13', '2026-01-12', 4158, 4408, 250, 0.15, 7924.55, 792.45, '2026-01-27', 'paid'),
    (47, 47, '2025-12-13', '2026-01-12', 2780, 2998, 218, 0.05, 2103.64, 210.36, '2026-01-27', 'paid'),
    (48, 48, '2025-12-13', '2026-01-12', 5862, 5947, 85, 0.12, 1478.18, 147.82, '2026-01-27', 'paid'),
    (49, 49, '2025-12-13', '2026-01-12', 5451, 5629, 178, 0.15, 3733.64, 373.36, '2026-01-27', 'paid'),
    (50, 50, '2025-12-13', '2026-01-12', 4357, 4568, 211, 0.05, 1770.00, 177.00, '2026-01-27', 'paid'),
    (51, 51, '2025-12-13', '2026-01-12', 4034, 4100, 66, 0.12, 2414.55, 241.45, '2026-01-27', 'paid'),
    (52, 52, '2025-12-13', '2026-01-12', 2926, 3001, 75, 0.15, 2681.82, 268.18, '2026-01-27', 'paid'),
    (53, 53, '2025-12-13', '2026-01-12', 6014, 6313, 299, 0.05, 2686.36, 268.64, '2026-01-27', 'paid'),
    (54, 54, '2025-12-13', '2026-01-12', 3368, 3529, 161, 0.12, 4011.82, 401.18, '2026-01-27', 'paid'),
    (55, 55, '2025-12-13', '2026-01-12', 3372, 3484, 112, 0.15, 8060.00, 806.00, '2026-01-27', 'paid'),
    (56, 56, '2025-12-13', '2026-01-12', 3473, 3701, 228, 0.05, 4630.00, 463.00, '2026-01-27', 'overdue'),
    (57, 57, '2025-12-13', '2026-01-12', 3320, 3475, 155, 0.12, 1191.82, 119.18, '2026-01-27', 'overdue'),
    (58, 58, '2025-12-13', '2026-01-12', 5010, 5266, 256, 0.15, 1193.64, 119.36, '2026-01-27', 'overdue'),
    (59, 59, '2025-12-13', '2026-01-12', 5455, 5577, 122, 0.05, 3012.73, 301.27, '2026-01-27', 'overdue'),
    (60, 60, '2025-12-13', '2026-01-12', 3576, 3872, 296, 0.12, 5530.00, 553.00, '2026-01-27', 'overdue');
GO

-- Payments
INSERT INTO dbo.Payments (bill_id, customer_id, amount, payment_method, payment_date, status, created_by)
VALUES
    (1, 1, 3570, 'card', '2025-07-26', 'completed', 5),
    (2, 2, 4223, 'card', '2025-07-18', 'completed', 5),
    (3, 3, 6781, 'card', '2025-07-23', 'completed', 3),
    (4, 4, 7269, 'card', '2025-07-23', 'completed', 4),
    (5, 5, 8812, 'card', '2025-07-21', 'completed', 4),
    (6, 6, 7159, 'card', '2025-07-17', 'completed', 2),
    (7, 7, 3875, 'card', '2025-07-21', 'completed', 3),
    (8, 8, 8105, 'card', '2025-07-25', 'completed', 3),
    (9, 9, 3445, 'card', '2025-07-24', 'completed', 1),
    (10, 10, 1896, 'card', '2025-07-20', 'completed', 1),
    (11, 11, 3699, 'card', '2025-07-22', 'completed', 3),
    (12, 12, 5306, 'card', '2025-07-22', 'completed', 2),
    (13, 13, 2093, 'card', '2025-07-20', 'completed', 1),
    (14, 14, 9174, 'card', '2025-07-17', 'completed', 2),
    (15, 15, 2679, 'card', '2025-07-26', 'completed', 3),
    (16, 16, 3225, 'card', '2025-07-19', 'completed', 5),
    (17, 17, 5368, 'card', '2025-07-19', 'completed', 3),
    (18, 18, 8584, 'card', '2025-07-20', 'completed', 2),
    (19, 19, 9269, 'card', '2025-07-19', 'completed', 1),
    (20, 20, 6623, 'card', '2025-07-17', 'completed', 2),
    (21, 21, 1714, 'card', '2025-07-25', 'completed', 1),
    (22, 22, 8819, 'card', '2025-07-23', 'completed', 5),
    (23, 23, 6727, 'card', '2025-07-20', 'completed', 3),
    (24, 24, 2927, 'card', '2025-07-20', 'completed', 5),
    (25, 25, 5406, 'card', '2025-07-20', 'completed', 2),
    (26, 26, 2147, 'card', '2025-07-21', 'completed', 4),
    (27, 27, 9691, 'card', '2025-07-22', 'completed', 4),
    (28, 28, 4475, 'card', '2025-07-18', 'completed', 1),
    (29, 29, 6025, 'card', '2025-07-26', 'completed', 2),
    (30, 30, 5021, 'card', '2025-07-24', 'completed', 2),
    (31, 31, 8391, 'card', '2025-07-20', 'completed', 1),
    (32, 32, 4005, 'card', '2025-07-26', 'completed', 5),
    (33, 33, 3918, 'card', '2025-07-19', 'completed', 3),
    (34, 34, 7443, 'card', '2025-07-21', 'completed', 5),
    (35, 35, 7258, 'card', '2025-07-26', 'completed', 3),
    (36, 36, 4548, 'card', '2025-07-19', 'completed', 1),
    (37, 37, 8242, 'card', '2025-07-24', 'completed', 5),
    (38, 38, 4870, 'card', '2025-07-17', 'completed', 1),
    (39, 39, 2593, 'card', '2025-07-17', 'completed', 2),
    (40, 40, 2794, 'card', '2025-07-20', 'completed', 3),
    (41, 41, 9914, 'card', '2025-07-21', 'completed', 5),
    (42, 42, 2285, 'card', '2025-07-23', 'completed', 5),
    (43, 43, 6194, 'card', '2025-07-21', 'completed', 1),
    (44, 44, 1844, 'card', '2025-07-19', 'completed', 5),
    (45, 45, 8587, 'card', '2025-07-20', 'completed', 2),
    (46, 46, 5516, 'card', '2025-07-21', 'completed', 1),
    (47, 47, 1636, 'card', '2025-07-21', 'completed', 1),
    (48, 48, 3038, 'card', '2025-07-17', 'completed', 4),
    (49, 49, 7557, 'card', '2025-07-25', 'completed', 3),
    (50, 50, 4907, 'card', '2025-07-23', 'completed', 1),
    (51, 51, 3871, 'card', '2025-07-21', 'completed', 4),
    (52, 52, 1389, 'card', '2025-07-23', 'completed', 2),
    (53, 53, 4480, 'card', '2025-07-20', 'completed', 3),
    (54, 54, 4832, 'card', '2025-07-20', 'completed', 1),
    (55, 55, 3292, 'card', '2025-07-19', 'completed', 2),
    (56, 56, 7599, 'card', '2025-07-22', 'completed', 5),
    (57, 57, 3615, 'card', '2025-07-22', 'completed', 2),
    (58, 58, 8078, 'card', '2025-07-22', 'completed', 3),
    (59, 59, 2083, 'card', '2025-07-20', 'completed', 1),
    (60, 60, 7577, 'card', '2025-07-19', 'completed', 2),
    (61, 1, 5944, 'card', '2025-08-25', 'completed', 5),
    (62, 2, 7382, 'card', '2025-08-19', 'completed', 3),
    (63, 3, 6998, 'card', '2025-08-24', 'completed', 3),
    (64, 4, 4873, 'card', '2025-08-18', 'completed', 3),
    (65, 5, 9536, 'card', '2025-08-23', 'completed', 5),
    (66, 6, 7041, 'card', '2025-08-19', 'completed', 4),
    (67, 7, 8833, 'card', '2025-08-17', 'completed', 1),
    (68, 8, 7033, 'card', '2025-08-17', 'completed', 1),
    (69, 9, 7662, 'card', '2025-08-23', 'completed', 2),
    (70, 10, 2915, 'card', '2025-08-17', 'completed', 2),
    (71, 11, 2243, 'card', '2025-08-21', 'completed', 5),
    (72, 12, 4090, 'card', '2025-08-18', 'completed', 2),
    (73, 13, 3726, 'card', '2025-08-24', 'completed', 3),
    (74, 14, 8778, 'card', '2025-08-17', 'completed', 1),
    (75, 15, 1828, 'card', '2025-08-25', 'completed', 5),
    (76, 16, 9462, 'card', '2025-08-20', 'completed', 5),
    (77, 17, 4928, 'card', '2025-08-16', 'completed', 1),
    (78, 18, 6850, 'card', '2025-08-16', 'completed', 4),
    (79, 19, 1882, 'card', '2025-08-25', 'completed', 5),
    (80, 20, 3489, 'card', '2025-08-18', 'completed', 5),
    (81, 21, 1949, 'card', '2025-08-20', 'completed', 4),
    (82, 22, 7171, 'card', '2025-08-16', 'completed', 1),
    (83, 23, 9208, 'card', '2025-08-24', 'completed', 2),
    (84, 24, 5273, 'card', '2025-08-20', 'completed', 1),
    (85, 25, 7236, 'card', '2025-08-23', 'completed', 4),
    (86, 26, 1935, 'card', '2025-08-19', 'completed', 3),
    (87, 27, 9746, 'card', '2025-08-19', 'completed', 1),
    (88, 28, 8967, 'card', '2025-08-16', 'completed', 1),
    (89, 29, 2263, 'card', '2025-08-18', 'completed', 5),
    (90, 30, 6506, 'card', '2025-08-17', 'completed', 1),
    (91, 31, 4267, 'card', '2025-08-23', 'completed', 4),
    (92, 32, 6272, 'card', '2025-08-22', 'completed', 1),
    (93, 33, 6884, 'card', '2025-08-20', 'completed', 3),
    (94, 34, 3779, 'card', '2025-08-25', 'completed', 2),
    (95, 35, 6872, 'card', '2025-08-23', 'completed', 2),
    (96, 36, 2331, 'card', '2025-08-17', 'completed', 2),
    (97, 37, 8068, 'card', '2025-08-20', 'completed', 4),
    (98, 38, 7166, 'card', '2025-08-20', 'completed', 1),
    (99, 39, 6944, 'card', '2025-08-19', 'completed', 2),
    (100, 40, 9109, 'card', '2025-08-19', 'completed', 1),
    (101, 41, 6356, 'card', '2025-08-24', 'completed', 3),
    (102, 42, 4921, 'card', '2025-08-17', 'completed', 1),
    (103, 43, 3566, 'card', '2025-08-25', 'completed', 3),
    (104, 44, 2660, 'card', '2025-08-21', 'completed', 3),
    (105, 45, 2382, 'card', '2025-08-18', 'completed', 3),
    (106, 46, 9383, 'card', '2025-08-18', 'completed', 2),
    (107, 47, 8278, 'card', '2025-08-20', 'completed', 5),
    (108, 48, 7286, 'card', '2025-08-18', 'completed', 5),
    (109, 49, 5987, 'card', '2025-08-21', 'completed', 1),
    (110, 50, 6643, 'card', '2025-08-25', 'completed', 5),
    (111, 51, 1531, 'card', '2025-08-17', 'completed', 1),
    (112, 52, 4194, 'card', '2025-08-16', 'completed', 1),
    (113, 53, 8711, 'card', '2025-08-19', 'completed', 5),
    (114, 54, 7035, 'card', '2025-08-24', 'completed', 3),
    (115, 55, 4957, 'card', '2025-08-23', 'completed', 2),
    (116, 56, 8849, 'card', '2025-08-20', 'completed', 4),
    (117, 57, 6326, 'card', '2025-08-18', 'completed', 2),
    (118, 58, 6907, 'card', '2025-08-17', 'completed', 5),
    (119, 59, 9704, 'card', '2025-08-19', 'completed', 4),
    (120, 60, 4937, 'card', '2025-08-19', 'completed', 5),
    (121, 1, 5356, 'card', '2025-09-24', 'completed', 5),
    (122, 2, 8741, 'card', '2025-09-19', 'completed', 4),
    (123, 3, 7386, 'card', '2025-09-17', 'completed', 2),
    (124, 4, 5790, 'card', '2025-09-20', 'completed', 1),
    (125, 5, 9284, 'card', '2025-09-23', 'completed', 2),
    (126, 6, 3278, 'card', '2025-09-21', 'completed', 4),
    (127, 7, 2040, 'card', '2025-09-20', 'completed', 3),
    (128, 8, 6079, 'card', '2025-09-17', 'completed', 4),
    (129, 9, 3144, 'card', '2025-09-21', 'completed', 1),
    (130, 10, 9406, 'card', '2025-09-16', 'completed', 1),
    (131, 11, 1549, 'card', '2025-09-18', 'completed', 3),
    (132, 12, 3679, 'card', '2025-09-17', 'completed', 3),
    (133, 13, 5195, 'card', '2025-09-17', 'completed', 4),
    (134, 14, 7203, 'card', '2025-09-21', 'completed', 3),
    (135, 15, 6141, 'card', '2025-09-23', 'completed', 4),
    (136, 16, 1847, 'card', '2025-09-17', 'completed', 2),
    (137, 17, 8406, 'card', '2025-09-16', 'completed', 4),
    (138, 18, 8911, 'card', '2025-09-21', 'completed', 3),
    (139, 19, 4710, 'card', '2025-09-16', 'completed', 5),
    (140, 20, 9672, 'card', '2025-09-19', 'completed', 5),
    (141, 21, 5875, 'card', '2025-09-24', 'completed', 3),
    (142, 22, 7108, 'card', '2025-09-21', 'completed', 5),
    (143, 23, 3472, 'card', '2025-09-15', 'completed', 3),
    (144, 24, 3736, 'card', '2025-09-21', 'completed', 3),
    (145, 25, 5658, 'card', '2025-09-24', 'completed', 1),
    (146, 26, 9358, 'card', '2025-09-24', 'completed', 3),
    (147, 27, 9622, 'card', '2025-09-20', 'completed', 2),
    (148, 28, 6515, 'card', '2025-09-20', 'completed', 1),
    (149, 29, 3327, 'card', '2025-09-21', 'completed', 2),
    (150, 30, 7979, 'card', '2025-09-16', 'completed', 4),
    (151, 31, 1404, 'card', '2025-09-23', 'completed', 2),
    (152, 32, 5577, 'card', '2025-09-24', 'completed', 4),
    (153, 33, 2335, 'card', '2025-09-18', 'completed', 3),
    (154, 34, 8892, 'card', '2025-09-20', 'completed', 5),
    (155, 35, 7078, 'card', '2025-09-16', 'completed', 4),
    (156, 36, 6489, 'card', '2025-09-15', 'completed', 5),
    (157, 37, 1531, 'card', '2025-09-21', 'completed', 4),
    (158, 38, 3106, 'card', '2025-09-15', 'completed', 2),
    (159, 39, 8792, 'card', '2025-09-20', 'completed', 2),
    (160, 40, 1259, 'card', '2025-09-19', 'completed', 2),
    (161, 41, 5392, 'card', '2025-09-20', 'completed', 2),
    (162, 42, 8975, 'card', '2025-09-23', 'completed', 1),
    (163, 43, 1022, 'card', '2025-09-17', 'completed', 2),
    (164, 44, 2928, 'card', '2025-09-24', 'completed', 1),
    (165, 45, 8320, 'card', '2025-09-21', 'completed', 3),
    (166, 46, 6562, 'card', '2025-09-15', 'completed', 5),
    (167, 47, 1900, 'card', '2025-09-19', 'completed', 3),
    (168, 48, 8070, 'card', '2025-09-16', 'completed', 2),
    (169, 49, 7192, 'card', '2025-09-23', 'completed', 5),
    (170, 50, 5299, 'card', '2025-09-21', 'completed', 3),
    (171, 51, 8815, 'card', '2025-09-21', 'completed', 5),
    (172, 52, 7619, 'card', '2025-09-16', 'completed', 3),
    (173, 53, 8551, 'card', '2025-09-18', 'completed', 1),
    (174, 54, 6491, 'card', '2025-09-18', 'completed', 4),
    (175, 55, 4476, 'card', '2025-09-20', 'completed', 2),
    (176, 56, 4413, 'card', '2025-09-20', 'completed', 5),
    (177, 57, 3692, 'card', '2025-09-21', 'completed', 1),
    (178, 58, 8762, 'card', '2025-09-22', 'completed', 2),
    (179, 59, 2391, 'card', '2025-09-21', 'completed', 4),
    (180, 60, 4529, 'card', '2025-09-23', 'completed', 2),
    (181, 1, 8861, 'card', '2025-10-19', 'completed', 1),
    (182, 2, 6272, 'card', '2025-10-24', 'completed', 4),
    (183, 3, 5773, 'card', '2025-10-18', 'completed', 5),
    (184, 4, 4762, 'card', '2025-10-18', 'completed', 1),
    (185, 5, 1016, 'card', '2025-10-18', 'completed', 3),
    (186, 6, 4396, 'card', '2025-10-16', 'completed', 3),
    (187, 7, 8199, 'card', '2025-10-16', 'completed', 5),
    (188, 8, 9413, 'card', '2025-10-16', 'completed', 5),
    (189, 9, 6227, 'card', '2025-10-22', 'completed', 1),
    (190, 10, 9795, 'card', '2025-10-17', 'completed', 3),
    (191, 11, 4535, 'card', '2025-10-15', 'completed', 1),
    (192, 12, 9955, 'card', '2025-10-16', 'completed', 5),
    (193, 13, 3415, 'card', '2025-10-21', 'completed', 5),
    (194, 14, 3710, 'card', '2025-10-20', 'completed', 5),
    (195, 15, 6257, 'card', '2025-10-24', 'completed', 5),
    (196, 16, 3261, 'card', '2025-10-20', 'completed', 5),
    (197, 17, 3051, 'card', '2025-10-22', 'completed', 3),
    (198, 18, 2156, 'card', '2025-10-18', 'completed', 5),
    (199, 19, 3132, 'card', '2025-10-23', 'completed', 5),
    (200, 20, 6158, 'card', '2025-10-21', 'completed', 5),
    (201, 21, 6267, 'card', '2025-10-19', 'completed', 3),
    (202, 22, 5354, 'card', '2025-10-17', 'completed', 4),
    (203, 23, 3591, 'card', '2025-10-23', 'completed', 4),
    (204, 24, 8855, 'card', '2025-10-22', 'completed', 2),
    (205, 25, 6867, 'card', '2025-10-20', 'completed', 2),
    (206, 26, 6511, 'card', '2025-10-21', 'completed', 1),
    (207, 27, 4466, 'card', '2025-10-22', 'completed', 5),
    (208, 28, 8619, 'card', '2025-10-15', 'completed', 1),
    (209, 29, 1618, 'card', '2025-10-21', 'completed', 2),
    (210, 30, 3488, 'card', '2025-10-19', 'completed', 4),
    (211, 31, 1488, 'card', '2025-10-20', 'completed', 4),
    (212, 32, 3016, 'card', '2025-10-20', 'completed', 5),
    (213, 33, 1774, 'card', '2025-10-15', 'completed', 2),
    (214, 34, 7702, 'card', '2025-10-20', 'completed', 2),
    (215, 35, 4696, 'card', '2025-10-23', 'completed', 4),
    (216, 36, 2877, 'card', '2025-10-20', 'completed', 4),
    (217, 37, 6996, 'card', '2025-10-15', 'completed', 4),
    (218, 38, 7586, 'card', '2025-10-20', 'completed', 5),
    (219, 39, 3431, 'card', '2025-10-20', 'completed', 1),
    (220, 40, 8493, 'card', '2025-10-23', 'completed', 4),
    (221, 41, 8882, 'card', '2025-10-19', 'completed', 1),
    (222, 42, 2363, 'card', '2025-10-24', 'completed', 1),
    (223, 43, 5766, 'card', '2025-10-23', 'completed', 5),
    (224, 44, 4005, 'card', '2025-10-18', 'completed', 5),
    (225, 45, 3876, 'card', '2025-10-18', 'completed', 3),
    (226, 46, 4017, 'card', '2025-10-19', 'completed', 5),
    (227, 47, 2666, 'card', '2025-10-15', 'completed', 3),
    (228, 48, 6065, 'card', '2025-10-15', 'completed', 2),
    (229, 49, 4578, 'card', '2025-10-18', 'completed', 3),
    (230, 50, 9615, 'card', '2025-10-24', 'completed', 2),
    (231, 51, 9027, 'card', '2025-10-24', 'completed', 1),
    (232, 52, 7654, 'card', '2025-10-23', 'completed', 5),
    (233, 53, 2845, 'card', '2025-10-21', 'completed', 1),
    (234, 54, 1924, 'card', '2025-10-17', 'completed', 5),
    (235, 55, 6214, 'card', '2025-10-21', 'completed', 5),
    (241, 1, 3522, 'card', '2025-11-22', 'completed', 4),
    (242, 2, 4056, 'card', '2025-11-14', 'completed', 5),
    (243, 3, 4809, 'card', '2025-11-14', 'completed', 4),
    (244, 4, 5666, 'card', '2025-11-17', 'completed', 2),
    (245, 5, 1963, 'card', '2025-11-19', 'completed', 2),
    (246, 6, 7265, 'card', '2025-11-23', 'completed', 3),
    (247, 7, 9816, 'card', '2025-11-19', 'completed', 2),
    (248, 8, 5297, 'card', '2025-11-18', 'completed', 2),
    (249, 9, 3976, 'card', '2025-11-22', 'completed', 3),
    (250, 10, 9606, 'card', '2025-11-15', 'completed', 2),
    (251, 11, 8086, 'card', '2025-11-17', 'completed', 5),
    (252, 12, 6302, 'card', '2025-11-20', 'completed', 4),
    (253, 13, 6276, 'card', '2025-11-16', 'completed', 5),
    (254, 14, 2402, 'card', '2025-11-16', 'completed', 1),
    (255, 15, 1911, 'card', '2025-11-23', 'completed', 4),
    (256, 16, 1083, 'card', '2025-11-18', 'completed', 2),
    (257, 17, 6947, 'card', '2025-11-17', 'completed', 4),
    (258, 18, 6160, 'card', '2025-11-15', 'completed', 5),
    (259, 19, 9855, 'card', '2025-11-19', 'completed', 5),
    (260, 20, 1739, 'card', '2025-11-23', 'completed', 4),
    (261, 21, 2993, 'card', '2025-11-21', 'completed', 1),
    (262, 22, 7948, 'card', '2025-11-21', 'completed', 3),
    (263, 23, 4712, 'card', '2025-11-20', 'completed', 5),
    (264, 24, 4545, 'card', '2025-11-21', 'completed', 3),
    (265, 25, 8946, 'card', '2025-11-20', 'completed', 2),
    (266, 26, 9611, 'card', '2025-11-15', 'completed', 5),
    (267, 27, 1459, 'card', '2025-11-14', 'completed', 2),
    (268, 28, 8150, 'card', '2025-11-23', 'completed', 4),
    (269, 29, 8573, 'card', '2025-11-17', 'completed', 4),
    (270, 30, 1652, 'card', '2025-11-17', 'completed', 4),
    (271, 31, 6873, 'card', '2025-11-16', 'completed', 3),
    (272, 32, 8325, 'card', '2025-11-22', 'completed', 3),
    (273, 33, 3481, 'card', '2025-11-15', 'completed', 4),
    (274, 34, 4523, 'card', '2025-11-14', 'completed', 2),
    (275, 35, 3343, 'card', '2025-11-16', 'completed', 5),
    (276, 36, 1908, 'card', '2025-11-18', 'completed', 2),
    (277, 37, 8425, 'card', '2025-11-15', 'completed', 4),
    (278, 38, 4250, 'card', '2025-11-21', 'completed', 2),
    (279, 39, 1752, 'card', '2025-11-18', 'completed', 1),
    (280, 40, 5765, 'card', '2025-11-14', 'completed', 4),
    (281, 41, 3367, 'card', '2025-11-14', 'completed', 3),
    (282, 42, 8505, 'card', '2025-11-22', 'completed', 3),
    (283, 43, 2297, 'card', '2025-11-16', 'completed', 2),
    (284, 44, 9962, 'card', '2025-11-14', 'completed', 1),
    (285, 45, 2593, 'card', '2025-11-15', 'completed', 2),
    (286, 46, 3371, 'card', '2025-11-21', 'completed', 2),
    (287, 47, 2130, 'card', '2025-11-15', 'completed', 2),
    (288, 48, 5639, 'card', '2025-11-16', 'completed', 1),
    (289, 49, 4649, 'card', '2025-11-21', 'completed', 3),
    (290, 50, 5184, 'card', '2025-11-22', 'completed', 4),
    (291, 51, 8934, 'card', '2025-11-18', 'completed', 5),
    (292, 52, 4881, 'card', '2025-11-17', 'completed', 5),
    (293, 53, 4751, 'card', '2025-11-19', 'completed', 1),
    (294, 54, 4650, 'card', '2025-11-15', 'completed', 5),
    (295, 55, 1844, 'card', '2025-11-22', 'completed', 2),
    (301, 1, 5737, 'card', '2025-12-15', 'completed', 5),
    (302, 2, 3785, 'card', '2025-12-15', 'completed', 4),
    (303, 3, 7413, 'card', '2025-12-16', 'completed', 4),
    (304, 4, 5422, 'card', '2025-12-17', 'completed', 3),
    (305, 5, 3008, 'card', '2025-12-20', 'completed', 5),
    (306, 6, 3658, 'card', '2025-12-19', 'completed', 3),
    (307, 7, 2201, 'card', '2025-12-19', 'completed', 2),
    (308, 8, 3195, 'card', '2025-12-21', 'completed', 5),
    (309, 9, 8230, 'card', '2025-12-20', 'completed', 3),
    (310, 10, 5626, 'card', '2025-12-22', 'completed', 3),
    (311, 11, 6741, 'card', '2025-12-21', 'completed', 5),
    (312, 12, 8313, 'card', '2025-12-20', 'completed', 4),
    (313, 13, 1410, 'card', '2025-12-14', 'completed', 5),
    (314, 14, 4493, 'card', '2025-12-19', 'completed', 3),
    (315, 15, 4584, 'card', '2025-12-18', 'completed', 5),
    (316, 16, 3994, 'card', '2025-12-14', 'completed', 2),
    (317, 17, 7284, 'card', '2025-12-23', 'completed', 5),
    (318, 18, 7549, 'card', '2025-12-19', 'completed', 3),
    (319, 19, 8089, 'card', '2025-12-16', 'completed', 5),
    (320, 20, 9120, 'card', '2025-12-14', 'completed', 3),
    (321, 21, 5364, 'card', '2025-12-23', 'completed', 2),
    (322, 22, 9842, 'card', '2025-12-20', 'completed', 2),
    (323, 23, 6123, 'card', '2025-12-20', 'completed', 1),
    (324, 24, 8943, 'card', '2025-12-20', 'completed', 4),
    (325, 25, 4917, 'card', '2025-12-16', 'completed', 2),
    (326, 26, 2525, 'card', '2025-12-19', 'completed', 4),
    (327, 27, 8270, 'card', '2025-12-22', 'completed', 3),
    (328, 28, 4224, 'card', '2025-12-17', 'completed', 2),
    (329, 29, 7250, 'card', '2025-12-21', 'completed', 4),
    (330, 30, 3000, 'card', '2025-12-20', 'completed', 2),
    (331, 31, 7061, 'card', '2025-12-22', 'completed', 3),
    (332, 32, 5745, 'card', '2025-12-15', 'completed', 2),
    (333, 33, 2494, 'card', '2025-12-14', 'completed', 5),
    (334, 34, 1855, 'card', '2025-12-14', 'completed', 2),
    (335, 35, 3547, 'card', '2025-12-22', 'completed', 5),
    (336, 36, 9543, 'card', '2025-12-21', 'completed', 5),
    (337, 37, 4560, 'card', '2025-12-21', 'completed', 3),
    (338, 38, 2822, 'card', '2025-12-21', 'completed', 4),
    (339, 39, 2995, 'card', '2025-12-18', 'completed', 4),
    (340, 40, 7857, 'card', '2025-12-16', 'completed', 3),
    (341, 41, 7137, 'card', '2025-12-20', 'completed', 3),
    (342, 42, 3728, 'card', '2025-12-19', 'completed', 2),
    (343, 43, 6384, 'card', '2025-12-23', 'completed', 3),
    (344, 44, 6701, 'card', '2025-12-15', 'completed', 4),
    (345, 45, 1038, 'card', '2025-12-19', 'completed', 1),
    (346, 46, 1461, 'card', '2025-12-18', 'completed', 3),
    (347, 47, 1482, 'card', '2025-12-17', 'completed', 2),
    (348, 48, 1999, 'card', '2025-12-15', 'completed', 5),
    (349, 49, 3558, 'card', '2025-12-17', 'completed', 5),
    (350, 50, 6740, 'card', '2025-12-19', 'completed', 5),
    (351, 51, 9607, 'card', '2025-12-18', 'completed', 4),
    (352, 52, 4107, 'card', '2025-12-18', 'completed', 1),
    (353, 53, 9190, 'card', '2025-12-18', 'completed', 1),
    (354, 54, 3717, 'card', '2025-12-19', 'completed', 1),
    (355, 55, 2269, 'card', '2025-12-21', 'completed', 5),
    (361, 1, 9333, 'card', '2026-01-15', 'completed', 4),
    (362, 2, 9246, 'card', '2026-01-18', 'completed', 4),
    (363, 3, 9766, 'card', '2026-01-19', 'completed', 1),
    (364, 4, 6925, 'card', '2026-01-16', 'completed', 3),
    (365, 5, 1198, 'card', '2026-01-16', 'completed', 3),
    (366, 6, 7628, 'card', '2026-01-17', 'completed', 1),
    (367, 7, 1530, 'card', '2026-01-13', 'completed', 4),
    (368, 8, 4677, 'card', '2026-01-22', 'completed', 2),
    (369, 9, 8638, 'card', '2026-01-15', 'completed', 2),
    (370, 10, 2589, 'card', '2026-01-21', 'completed', 3),
    (371, 11, 5511, 'card', '2026-01-22', 'completed', 3),
    (372, 12, 8620, 'card', '2026-01-16', 'completed', 1),
    (373, 13, 3299, 'card', '2026-01-15', 'completed', 5),
    (374, 14, 4401, 'card', '2026-01-18', 'completed', 2),
    (375, 15, 4464, 'card', '2026-01-15', 'completed', 2),
    (376, 16, 8725, 'card', '2026-01-16', 'completed', 2),
    (377, 17, 9002, 'card', '2026-01-20', 'completed', 4),
    (378, 18, 1629, 'card', '2026-01-20', 'completed', 5),
    (379, 19, 6085, 'card', '2026-01-14', 'completed', 4),
    (380, 20, 9364, 'card', '2026-01-21', 'completed', 4),
    (381, 21, 7606, 'card', '2026-01-20', 'completed', 4),
    (382, 22, 6041, 'card', '2026-01-20', 'completed', 4),
    (383, 23, 7491, 'card', '2026-01-20', 'completed', 3),
    (384, 24, 2330, 'card', '2026-01-15', 'completed', 4),
    (385, 25, 8597, 'card', '2026-01-15', 'completed', 4),
    (386, 26, 2562, 'card', '2026-01-22', 'completed', 1),
    (387, 27, 4748, 'card', '2026-01-17', 'completed', 3),
    (388, 28, 3619, 'card', '2026-01-18', 'completed', 5),
    (389, 29, 2725, 'card', '2026-01-21', 'completed', 4),
    (390, 30, 4186, 'card', '2026-01-21', 'completed', 4),
    (391, 31, 2381, 'card', '2026-01-18', 'completed', 5),
    (392, 32, 3813, 'card', '2026-01-13', 'completed', 4),
    (393, 33, 7205, 'card', '2026-01-16', 'completed', 2),
    (394, 34, 5288, 'card', '2026-01-18', 'completed', 4),
    (395, 35, 2765, 'card', '2026-01-14', 'completed', 3),
    (396, 36, 7005, 'card', '2026-01-21', 'completed', 2),
    (397, 37, 8492, 'card', '2026-01-15', 'completed', 1),
    (398, 38, 3714, 'card', '2026-01-18', 'completed', 2),
    (399, 39, 9956, 'card', '2026-01-21', 'completed', 1),
    (400, 40, 2604, 'card', '2026-01-21', 'completed', 5),
    (401, 41, 9971, 'card', '2026-01-21', 'completed', 2),
    (402, 42, 8342, 'card', '2026-01-13', 'completed', 5),
    (403, 43, 8409, 'card', '2026-01-22', 'completed', 4),
    (404, 44, 9894, 'card', '2026-01-16', 'completed', 3),
    (405, 45, 9393, 'card', '2026-01-19', 'completed', 4),
    (406, 46, 8717, 'card', '2026-01-13', 'completed', 1),
    (407, 47, 2314, 'card', '2026-01-18', 'completed', 2),
    (408, 48, 1626, 'card', '2026-01-21', 'completed', 5),
    (409, 49, 4107, 'card', '2026-01-14', 'completed', 1),
    (410, 50, 1947, 'card', '2026-01-21', 'completed', 3),
    (411, 51, 2656, 'card', '2026-01-16', 'completed', 3),
    (412, 52, 2950, 'card', '2026-01-20', 'completed', 1),
    (413, 53, 2955, 'card', '2026-01-14', 'completed', 3),
    (414, 54, 4413, 'card', '2026-01-14', 'completed', 1),
    (415, 55, 8866, 'card', '2026-01-14', 'completed', 5);
GO

-- Activities
INSERT INTO dbo.Activities (activity_type, description, customer_id, amount, created_at)
VALUES
    ('bill', 'Bill generated', 1, 3570, '2025-07-16 00:00:00'),
    ('payment', 'Payment received', 1, 3570, '2025-07-26 00:00:00'),
    ('bill', 'Bill generated', 2, 4223, '2025-07-16 00:00:00'),
    ('payment', 'Payment received', 2, 4223, '2025-07-18 00:00:00'),
    ('bill', 'Bill generated', 3, 6781, '2025-07-16 00:00:00'),
    ('payment', 'Payment received', 3, 6781, '2025-07-23 00:00:00'),
    ('bill', 'Bill generated', 4, 7269, '2025-07-16 00:00:00'),
    ('payment', 'Payment received', 4, 7269, '2025-07-23 00:00:00'),
    ('bill', 'Bill generated', 5, 8812, '2025-07-16 00:00:00'),
    ('payment', 'Payment received', 5, 8812, '2025-07-21 00:00:00'),
    ('bill', 'Bill generated', 6, 7159, '2025-07-16 00:00:00'),
    ('payment', 'Payment received', 6, 7159, '2025-07-17 00:00:00'),
    ('bill', 'Bill generated', 7, 3875, '2025-07-16 00:00:00'),
    ('payment', 'Payment received', 7, 3875, '2025-07-21 00:00:00'),
    ('bill', 'Bill generated', 8, 8105, '2025-07-16 00:00:00'),
    ('payment', 'Payment received', 8, 8105, '2025-07-25 00:00:00'),
    ('bill', 'Bill generated', 9, 3445, '2025-07-16 00:00:00'),
    ('payment', 'Payment received', 9, 3445, '2025-07-24 00:00:00'),
    ('bill', 'Bill generated', 10, 1896, '2025-07-16 00:00:00'),
    ('payment', 'Payment received', 10, 1896, '2025-07-20 00:00:00'),
    ('bill', 'Bill generated', 11, 3699, '2025-07-16 00:00:00'),
    ('payment', 'Payment received', 11, 3699, '2025-07-22 00:00:00'),
    ('bill', 'Bill generated', 12, 5306, '2025-07-16 00:00:00'),
    ('payment', 'Payment received', 12, 5306, '2025-07-22 00:00:00'),
    ('bill', 'Bill generated', 13, 2093, '2025-07-16 00:00:00'),
    ('payment', 'Payment received', 13, 2093, '2025-07-20 00:00:00'),
    ('bill', 'Bill generated', 14, 9174, '2025-07-16 00:00:00'),
    ('payment', 'Payment received', 14, 9174, '2025-07-17 00:00:00'),
    ('bill', 'Bill generated', 15, 2679, '2025-07-16 00:00:00'),
    ('payment', 'Payment received', 15, 2679, '2025-07-26 00:00:00'),
    ('bill', 'Bill generated', 16, 3225, '2025-07-16 00:00:00'),
    ('payment', 'Payment received', 16, 3225, '2025-07-19 00:00:00'),
    ('bill', 'Bill generated', 17, 5368, '2025-07-16 00:00:00'),
    ('payment', 'Payment received', 17, 5368, '2025-07-19 00:00:00'),
    ('bill', 'Bill generated', 18, 8584, '2025-07-16 00:00:00'),
    ('payment', 'Payment received', 18, 8584, '2025-07-20 00:00:00'),
    ('bill', 'Bill generated', 19, 9269, '2025-07-16 00:00:00'),
    ('payment', 'Payment received', 19, 9269, '2025-07-19 00:00:00'),
    ('bill', 'Bill generated', 20, 6623, '2025-07-16 00:00:00'),
    ('payment', 'Payment received', 20, 6623, '2025-07-17 00:00:00'),
    ('bill', 'Bill generated', 21, 1714, '2025-07-16 00:00:00'),
    ('payment', 'Payment received', 21, 1714, '2025-07-25 00:00:00'),
    ('bill', 'Bill generated', 22, 8819, '2025-07-16 00:00:00'),
    ('payment', 'Payment received', 22, 8819, '2025-07-23 00:00:00'),
    ('bill', 'Bill generated', 23, 6727, '2025-07-16 00:00:00'),
    ('payment', 'Payment received', 23, 6727, '2025-07-20 00:00:00'),
    ('bill', 'Bill generated', 24, 2927, '2025-07-16 00:00:00'),
    ('payment', 'Payment received', 24, 2927, '2025-07-20 00:00:00'),
    ('bill', 'Bill generated', 25, 5406, '2025-07-16 00:00:00'),
    ('payment', 'Payment received', 25, 5406, '2025-07-20 00:00:00'),
    ('bill', 'Bill generated', 26, 2147, '2025-07-16 00:00:00'),
    ('payment', 'Payment received', 26, 2147, '2025-07-21 00:00:00'),
    ('bill', 'Bill generated', 27, 9691, '2025-07-16 00:00:00'),
    ('payment', 'Payment received', 27, 9691, '2025-07-22 00:00:00'),
    ('bill', 'Bill generated', 28, 4475, '2025-07-16 00:00:00'),
    ('payment', 'Payment received', 28, 4475, '2025-07-18 00:00:00'),
    ('bill', 'Bill generated', 29, 6025, '2025-07-16 00:00:00'),
    ('payment', 'Payment received', 29, 6025, '2025-07-26 00:00:00'),
    ('bill', 'Bill generated', 30, 5021, '2025-07-16 00:00:00'),
    ('payment', 'Payment received', 30, 5021, '2025-07-24 00:00:00'),
    ('bill', 'Bill generated', 31, 8391, '2025-07-16 00:00:00'),
    ('payment', 'Payment received', 31, 8391, '2025-07-20 00:00:00'),
    ('bill', 'Bill generated', 32, 4005, '2025-07-16 00:00:00'),
    ('payment', 'Payment received', 32, 4005, '2025-07-26 00:00:00'),
    ('bill', 'Bill generated', 33, 3918, '2025-07-16 00:00:00'),
    ('payment', 'Payment received', 33, 3918, '2025-07-19 00:00:00'),
    ('bill', 'Bill generated', 34, 7443, '2025-07-16 00:00:00'),
    ('payment', 'Payment received', 34, 7443, '2025-07-21 00:00:00'),
    ('bill', 'Bill generated', 35, 7258, '2025-07-16 00:00:00'),
    ('payment', 'Payment received', 35, 7258, '2025-07-26 00:00:00'),
    ('bill', 'Bill generated', 36, 4548, '2025-07-16 00:00:00'),
    ('payment', 'Payment received', 36, 4548, '2025-07-19 00:00:00'),
    ('bill', 'Bill generated', 37, 8242, '2025-07-16 00:00:00'),
    ('payment', 'Payment received', 37, 8242, '2025-07-24 00:00:00'),
    ('bill', 'Bill generated', 38, 4870, '2025-07-16 00:00:00'),
    ('payment', 'Payment received', 38, 4870, '2025-07-17 00:00:00'),
    ('bill', 'Bill generated', 39, 2593, '2025-07-16 00:00:00'),
    ('payment', 'Payment received', 39, 2593, '2025-07-17 00:00:00'),
    ('bill', 'Bill generated', 40, 2794, '2025-07-16 00:00:00'),
    ('payment', 'Payment received', 40, 2794, '2025-07-20 00:00:00'),
    ('bill', 'Bill generated', 41, 9914, '2025-07-16 00:00:00'),
    ('payment', 'Payment received', 41, 9914, '2025-07-21 00:00:00'),
    ('bill', 'Bill generated', 42, 2285, '2025-07-16 00:00:00'),
    ('payment', 'Payment received', 42, 2285, '2025-07-23 00:00:00'),
    ('bill', 'Bill generated', 43, 6194, '2025-07-16 00:00:00'),
    ('payment', 'Payment received', 43, 6194, '2025-07-21 00:00:00'),
    ('bill', 'Bill generated', 44, 1844, '2025-07-16 00:00:00'),
    ('payment', 'Payment received', 44, 1844, '2025-07-19 00:00:00'),
    ('bill', 'Bill generated', 45, 8587, '2025-07-16 00:00:00'),
    ('payment', 'Payment received', 45, 8587, '2025-07-20 00:00:00'),
    ('bill', 'Bill generated', 46, 5516, '2025-07-16 00:00:00'),
    ('payment', 'Payment received', 46, 5516, '2025-07-21 00:00:00'),
    ('bill', 'Bill generated', 47, 1636, '2025-07-16 00:00:00'),
    ('payment', 'Payment received', 47, 1636, '2025-07-21 00:00:00'),
    ('bill', 'Bill generated', 48, 3038, '2025-07-16 00:00:00'),
    ('payment', 'Payment received', 48, 3038, '2025-07-17 00:00:00'),
    ('bill', 'Bill generated', 49, 7557, '2025-07-16 00:00:00'),
    ('payment', 'Payment received', 49, 7557, '2025-07-25 00:00:00'),
    ('bill', 'Bill generated', 50, 4907, '2025-07-16 00:00:00'),
    ('payment', 'Payment received', 50, 4907, '2025-07-23 00:00:00'),
    ('bill', 'Bill generated', 51, 3871, '2025-07-16 00:00:00'),
    ('payment', 'Payment received', 51, 3871, '2025-07-21 00:00:00'),
    ('bill', 'Bill generated', 52, 1389, '2025-07-16 00:00:00'),
    ('payment', 'Payment received', 52, 1389, '2025-07-23 00:00:00'),
    ('bill', 'Bill generated', 53, 4480, '2025-07-16 00:00:00'),
    ('payment', 'Payment received', 53, 4480, '2025-07-20 00:00:00'),
    ('bill', 'Bill generated', 54, 4832, '2025-07-16 00:00:00'),
    ('payment', 'Payment received', 54, 4832, '2025-07-20 00:00:00'),
    ('bill', 'Bill generated', 55, 3292, '2025-07-16 00:00:00'),
    ('payment', 'Payment received', 55, 3292, '2025-07-19 00:00:00'),
    ('bill', 'Bill generated', 56, 7599, '2025-07-16 00:00:00'),
    ('payment', 'Payment received', 56, 7599, '2025-07-22 00:00:00'),
    ('bill', 'Bill generated', 57, 3615, '2025-07-16 00:00:00'),
    ('payment', 'Payment received', 57, 3615, '2025-07-22 00:00:00'),
    ('bill', 'Bill generated', 58, 8078, '2025-07-16 00:00:00'),
    ('payment', 'Payment received', 58, 8078, '2025-07-22 00:00:00'),
    ('bill', 'Bill generated', 59, 2083, '2025-07-16 00:00:00'),
    ('payment', 'Payment received', 59, 2083, '2025-07-20 00:00:00'),
    ('bill', 'Bill generated', 60, 7577, '2025-07-16 00:00:00'),
    ('payment', 'Payment received', 60, 7577, '2025-07-19 00:00:00'),
    ('bill', 'Bill generated', 1, 5944, '2025-08-15 00:00:00'),
    ('payment', 'Payment received', 1, 5944, '2025-08-25 00:00:00'),
    ('bill', 'Bill generated', 2, 7382, '2025-08-15 00:00:00'),
    ('payment', 'Payment received', 2, 7382, '2025-08-19 00:00:00'),
    ('bill', 'Bill generated', 3, 6998, '2025-08-15 00:00:00'),
    ('payment', 'Payment received', 3, 6998, '2025-08-24 00:00:00'),
    ('bill', 'Bill generated', 4, 4873, '2025-08-15 00:00:00'),
    ('payment', 'Payment received', 4, 4873, '2025-08-18 00:00:00'),
    ('bill', 'Bill generated', 5, 9536, '2025-08-15 00:00:00'),
    ('payment', 'Payment received', 5, 9536, '2025-08-23 00:00:00'),
    ('bill', 'Bill generated', 6, 7041, '2025-08-15 00:00:00'),
    ('payment', 'Payment received', 6, 7041, '2025-08-19 00:00:00'),
    ('bill', 'Bill generated', 7, 8833, '2025-08-15 00:00:00'),
    ('payment', 'Payment received', 7, 8833, '2025-08-17 00:00:00'),
    ('bill', 'Bill generated', 8, 7033, '2025-08-15 00:00:00'),
    ('payment', 'Payment received', 8, 7033, '2025-08-17 00:00:00'),
    ('bill', 'Bill generated', 9, 7662, '2025-08-15 00:00:00'),
    ('payment', 'Payment received', 9, 7662, '2025-08-23 00:00:00'),
    ('bill', 'Bill generated', 10, 2915, '2025-08-15 00:00:00'),
    ('payment', 'Payment received', 10, 2915, '2025-08-17 00:00:00'),
    ('bill', 'Bill generated', 11, 2243, '2025-08-15 00:00:00'),
    ('payment', 'Payment received', 11, 2243, '2025-08-21 00:00:00'),
    ('bill', 'Bill generated', 12, 4090, '2025-08-15 00:00:00'),
    ('payment', 'Payment received', 12, 4090, '2025-08-18 00:00:00'),
    ('bill', 'Bill generated', 13, 3726, '2025-08-15 00:00:00'),
    ('payment', 'Payment received', 13, 3726, '2025-08-24 00:00:00'),
    ('bill', 'Bill generated', 14, 8778, '2025-08-15 00:00:00'),
    ('payment', 'Payment received', 14, 8778, '2025-08-17 00:00:00'),
    ('bill', 'Bill generated', 15, 1828, '2025-08-15 00:00:00'),
    ('payment', 'Payment received', 15, 1828, '2025-08-25 00:00:00'),
    ('bill', 'Bill generated', 16, 9462, '2025-08-15 00:00:00'),
    ('payment', 'Payment received', 16, 9462, '2025-08-20 00:00:00'),
    ('bill', 'Bill generated', 17, 4928, '2025-08-15 00:00:00'),
    ('payment', 'Payment received', 17, 4928, '2025-08-16 00:00:00'),
    ('bill', 'Bill generated', 18, 6850, '2025-08-15 00:00:00'),
    ('payment', 'Payment received', 18, 6850, '2025-08-16 00:00:00'),
    ('bill', 'Bill generated', 19, 1882, '2025-08-15 00:00:00'),
    ('payment', 'Payment received', 19, 1882, '2025-08-25 00:00:00'),
    ('bill', 'Bill generated', 20, 3489, '2025-08-15 00:00:00'),
    ('payment', 'Payment received', 20, 3489, '2025-08-18 00:00:00'),
    ('bill', 'Bill generated', 21, 1949, '2025-08-15 00:00:00'),
    ('payment', 'Payment received', 21, 1949, '2025-08-20 00:00:00'),
    ('bill', 'Bill generated', 22, 7171, '2025-08-15 00:00:00'),
    ('payment', 'Payment received', 22, 7171, '2025-08-16 00:00:00'),
    ('bill', 'Bill generated', 23, 9208, '2025-08-15 00:00:00'),
    ('payment', 'Payment received', 23, 9208, '2025-08-24 00:00:00'),
    ('bill', 'Bill generated', 24, 5273, '2025-08-15 00:00:00'),
    ('payment', 'Payment received', 24, 5273, '2025-08-20 00:00:00'),
    ('bill', 'Bill generated', 25, 7236, '2025-08-15 00:00:00'),
    ('payment', 'Payment received', 25, 7236, '2025-08-23 00:00:00'),
    ('bill', 'Bill generated', 26, 1935, '2025-08-15 00:00:00'),
    ('payment', 'Payment received', 26, 1935, '2025-08-19 00:00:00'),
    ('bill', 'Bill generated', 27, 9746, '2025-08-15 00:00:00'),
    ('payment', 'Payment received', 27, 9746, '2025-08-19 00:00:00'),
    ('bill', 'Bill generated', 28, 8967, '2025-08-15 00:00:00'),
    ('payment', 'Payment received', 28, 8967, '2025-08-16 00:00:00'),
    ('bill', 'Bill generated', 29, 2263, '2025-08-15 00:00:00'),
    ('payment', 'Payment received', 29, 2263, '2025-08-18 00:00:00'),
    ('bill', 'Bill generated', 30, 6506, '2025-08-15 00:00:00'),
    ('payment', 'Payment received', 30, 6506, '2025-08-17 00:00:00'),
    ('bill', 'Bill generated', 31, 4267, '2025-08-15 00:00:00'),
    ('payment', 'Payment received', 31, 4267, '2025-08-23 00:00:00'),
    ('bill', 'Bill generated', 32, 6272, '2025-08-15 00:00:00'),
    ('payment', 'Payment received', 32, 6272, '2025-08-22 00:00:00'),
    ('bill', 'Bill generated', 33, 6884, '2025-08-15 00:00:00'),
    ('payment', 'Payment received', 33, 6884, '2025-08-20 00:00:00'),
    ('bill', 'Bill generated', 34, 3779, '2025-08-15 00:00:00'),
    ('payment', 'Payment received', 34, 3779, '2025-08-25 00:00:00'),
    ('bill', 'Bill generated', 35, 6872, '2025-08-15 00:00:00'),
    ('payment', 'Payment received', 35, 6872, '2025-08-23 00:00:00'),
    ('bill', 'Bill generated', 36, 2331, '2025-08-15 00:00:00'),
    ('payment', 'Payment received', 36, 2331, '2025-08-17 00:00:00'),
    ('bill', 'Bill generated', 37, 8068, '2025-08-15 00:00:00'),
    ('payment', 'Payment received', 37, 8068, '2025-08-20 00:00:00'),
    ('bill', 'Bill generated', 38, 7166, '2025-08-15 00:00:00'),
    ('payment', 'Payment received', 38, 7166, '2025-08-20 00:00:00'),
    ('bill', 'Bill generated', 39, 6944, '2025-08-15 00:00:00'),
    ('payment', 'Payment received', 39, 6944, '2025-08-19 00:00:00'),
    ('bill', 'Bill generated', 40, 9109, '2025-08-15 00:00:00'),
    ('payment', 'Payment received', 40, 9109, '2025-08-19 00:00:00'),
    ('bill', 'Bill generated', 41, 6356, '2025-08-15 00:00:00'),
    ('payment', 'Payment received', 41, 6356, '2025-08-24 00:00:00'),
    ('bill', 'Bill generated', 42, 4921, '2025-08-15 00:00:00'),
    ('payment', 'Payment received', 42, 4921, '2025-08-17 00:00:00'),
    ('bill', 'Bill generated', 43, 3566, '2025-08-15 00:00:00'),
    ('payment', 'Payment received', 43, 3566, '2025-08-25 00:00:00'),
    ('bill', 'Bill generated', 44, 2660, '2025-08-15 00:00:00'),
    ('payment', 'Payment received', 44, 2660, '2025-08-21 00:00:00'),
    ('bill', 'Bill generated', 45, 2382, '2025-08-15 00:00:00'),
    ('payment', 'Payment received', 45, 2382, '2025-08-18 00:00:00'),
    ('bill', 'Bill generated', 46, 9383, '2025-08-15 00:00:00'),
    ('payment', 'Payment received', 46, 9383, '2025-08-18 00:00:00'),
    ('bill', 'Bill generated', 47, 8278, '2025-08-15 00:00:00'),
    ('payment', 'Payment received', 47, 8278, '2025-08-20 00:00:00'),
    ('bill', 'Bill generated', 48, 7286, '2025-08-15 00:00:00'),
    ('payment', 'Payment received', 48, 7286, '2025-08-18 00:00:00'),
    ('bill', 'Bill generated', 49, 5987, '2025-08-15 00:00:00'),
    ('payment', 'Payment received', 49, 5987, '2025-08-21 00:00:00'),
    ('bill', 'Bill generated', 50, 6643, '2025-08-15 00:00:00'),
    ('payment', 'Payment received', 50, 6643, '2025-08-25 00:00:00'),
    ('bill', 'Bill generated', 51, 1531, '2025-08-15 00:00:00'),
    ('payment', 'Payment received', 51, 1531, '2025-08-17 00:00:00'),
    ('bill', 'Bill generated', 52, 4194, '2025-08-15 00:00:00'),
    ('payment', 'Payment received', 52, 4194, '2025-08-16 00:00:00'),
    ('bill', 'Bill generated', 53, 8711, '2025-08-15 00:00:00'),
    ('payment', 'Payment received', 53, 8711, '2025-08-19 00:00:00'),
    ('bill', 'Bill generated', 54, 7035, '2025-08-15 00:00:00'),
    ('payment', 'Payment received', 54, 7035, '2025-08-24 00:00:00'),
    ('bill', 'Bill generated', 55, 4957, '2025-08-15 00:00:00'),
    ('payment', 'Payment received', 55, 4957, '2025-08-23 00:00:00'),
    ('bill', 'Bill generated', 56, 8849, '2025-08-15 00:00:00'),
    ('payment', 'Payment received', 56, 8849, '2025-08-20 00:00:00'),
    ('bill', 'Bill generated', 57, 6326, '2025-08-15 00:00:00'),
    ('payment', 'Payment received', 57, 6326, '2025-08-18 00:00:00'),
    ('bill', 'Bill generated', 58, 6907, '2025-08-15 00:00:00'),
    ('payment', 'Payment received', 58, 6907, '2025-08-17 00:00:00'),
    ('bill', 'Bill generated', 59, 9704, '2025-08-15 00:00:00'),
    ('payment', 'Payment received', 59, 9704, '2025-08-19 00:00:00'),
    ('bill', 'Bill generated', 60, 4937, '2025-08-15 00:00:00'),
    ('payment', 'Payment received', 60, 4937, '2025-08-19 00:00:00'),
    ('bill', 'Bill generated', 1, 5356, '2025-09-14 00:00:00'),
    ('payment', 'Payment received', 1, 5356, '2025-09-24 00:00:00'),
    ('bill', 'Bill generated', 2, 8741, '2025-09-14 00:00:00'),
    ('payment', 'Payment received', 2, 8741, '2025-09-19 00:00:00'),
    ('bill', 'Bill generated', 3, 7386, '2025-09-14 00:00:00'),
    ('payment', 'Payment received', 3, 7386, '2025-09-17 00:00:00'),
    ('bill', 'Bill generated', 4, 5790, '2025-09-14 00:00:00'),
    ('payment', 'Payment received', 4, 5790, '2025-09-20 00:00:00'),
    ('bill', 'Bill generated', 5, 9284, '2025-09-14 00:00:00'),
    ('payment', 'Payment received', 5, 9284, '2025-09-23 00:00:00'),
    ('bill', 'Bill generated', 6, 3278, '2025-09-14 00:00:00'),
    ('payment', 'Payment received', 6, 3278, '2025-09-21 00:00:00'),
    ('bill', 'Bill generated', 7, 2040, '2025-09-14 00:00:00'),
    ('payment', 'Payment received', 7, 2040, '2025-09-20 00:00:00'),
    ('bill', 'Bill generated', 8, 6079, '2025-09-14 00:00:00'),
    ('payment', 'Payment received', 8, 6079, '2025-09-17 00:00:00'),
    ('bill', 'Bill generated', 9, 3144, '2025-09-14 00:00:00'),
    ('payment', 'Payment received', 9, 3144, '2025-09-21 00:00:00'),
    ('bill', 'Bill generated', 10, 9406, '2025-09-14 00:00:00'),
    ('payment', 'Payment received', 10, 9406, '2025-09-16 00:00:00'),
    ('bill', 'Bill generated', 11, 1549, '2025-09-14 00:00:00'),
    ('payment', 'Payment received', 11, 1549, '2025-09-18 00:00:00'),
    ('bill', 'Bill generated', 12, 3679, '2025-09-14 00:00:00'),
    ('payment', 'Payment received', 12, 3679, '2025-09-17 00:00:00'),
    ('bill', 'Bill generated', 13, 5195, '2025-09-14 00:00:00'),
    ('payment', 'Payment received', 13, 5195, '2025-09-17 00:00:00'),
    ('bill', 'Bill generated', 14, 7203, '2025-09-14 00:00:00'),
    ('payment', 'Payment received', 14, 7203, '2025-09-21 00:00:00'),
    ('bill', 'Bill generated', 15, 6141, '2025-09-14 00:00:00'),
    ('payment', 'Payment received', 15, 6141, '2025-09-23 00:00:00'),
    ('bill', 'Bill generated', 16, 1847, '2025-09-14 00:00:00'),
    ('payment', 'Payment received', 16, 1847, '2025-09-17 00:00:00'),
    ('bill', 'Bill generated', 17, 8406, '2025-09-14 00:00:00'),
    ('payment', 'Payment received', 17, 8406, '2025-09-16 00:00:00'),
    ('bill', 'Bill generated', 18, 8911, '2025-09-14 00:00:00'),
    ('payment', 'Payment received', 18, 8911, '2025-09-21 00:00:00'),
    ('bill', 'Bill generated', 19, 4710, '2025-09-14 00:00:00'),
    ('payment', 'Payment received', 19, 4710, '2025-09-16 00:00:00'),
    ('bill', 'Bill generated', 20, 9672, '2025-09-14 00:00:00'),
    ('payment', 'Payment received', 20, 9672, '2025-09-19 00:00:00'),
    ('bill', 'Bill generated', 21, 5875, '2025-09-14 00:00:00'),
    ('payment', 'Payment received', 21, 5875, '2025-09-24 00:00:00'),
    ('bill', 'Bill generated', 22, 7108, '2025-09-14 00:00:00'),
    ('payment', 'Payment received', 22, 7108, '2025-09-21 00:00:00'),
    ('bill', 'Bill generated', 23, 3472, '2025-09-14 00:00:00'),
    ('payment', 'Payment received', 23, 3472, '2025-09-15 00:00:00'),
    ('bill', 'Bill generated', 24, 3736, '2025-09-14 00:00:00'),
    ('payment', 'Payment received', 24, 3736, '2025-09-21 00:00:00'),
    ('bill', 'Bill generated', 25, 5658, '2025-09-14 00:00:00'),
    ('payment', 'Payment received', 25, 5658, '2025-09-24 00:00:00'),
    ('bill', 'Bill generated', 26, 9358, '2025-09-14 00:00:00'),
    ('payment', 'Payment received', 26, 9358, '2025-09-24 00:00:00'),
    ('bill', 'Bill generated', 27, 9622, '2025-09-14 00:00:00'),
    ('payment', 'Payment received', 27, 9622, '2025-09-20 00:00:00'),
    ('bill', 'Bill generated', 28, 6515, '2025-09-14 00:00:00'),
    ('payment', 'Payment received', 28, 6515, '2025-09-20 00:00:00'),
    ('bill', 'Bill generated', 29, 3327, '2025-09-14 00:00:00'),
    ('payment', 'Payment received', 29, 3327, '2025-09-21 00:00:00'),
    ('bill', 'Bill generated', 30, 7979, '2025-09-14 00:00:00'),
    ('payment', 'Payment received', 30, 7979, '2025-09-16 00:00:00'),
    ('bill', 'Bill generated', 31, 1404, '2025-09-14 00:00:00'),
    ('payment', 'Payment received', 31, 1404, '2025-09-23 00:00:00'),
    ('bill', 'Bill generated', 32, 5577, '2025-09-14 00:00:00'),
    ('payment', 'Payment received', 32, 5577, '2025-09-24 00:00:00'),
    ('bill', 'Bill generated', 33, 2335, '2025-09-14 00:00:00'),
    ('payment', 'Payment received', 33, 2335, '2025-09-18 00:00:00'),
    ('bill', 'Bill generated', 34, 8892, '2025-09-14 00:00:00'),
    ('payment', 'Payment received', 34, 8892, '2025-09-20 00:00:00'),
    ('bill', 'Bill generated', 35, 7078, '2025-09-14 00:00:00'),
    ('payment', 'Payment received', 35, 7078, '2025-09-16 00:00:00'),
    ('bill', 'Bill generated', 36, 6489, '2025-09-14 00:00:00'),
    ('payment', 'Payment received', 36, 6489, '2025-09-15 00:00:00'),
    ('bill', 'Bill generated', 37, 1531, '2025-09-14 00:00:00'),
    ('payment', 'Payment received', 37, 1531, '2025-09-21 00:00:00'),
    ('bill', 'Bill generated', 38, 3106, '2025-09-14 00:00:00'),
    ('payment', 'Payment received', 38, 3106, '2025-09-15 00:00:00'),
    ('bill', 'Bill generated', 39, 8792, '2025-09-14 00:00:00'),
    ('payment', 'Payment received', 39, 8792, '2025-09-20 00:00:00'),
    ('bill', 'Bill generated', 40, 1259, '2025-09-14 00:00:00'),
    ('payment', 'Payment received', 40, 1259, '2025-09-19 00:00:00'),
    ('bill', 'Bill generated', 41, 5392, '2025-09-14 00:00:00'),
    ('payment', 'Payment received', 41, 5392, '2025-09-20 00:00:00'),
    ('bill', 'Bill generated', 42, 8975, '2025-09-14 00:00:00'),
    ('payment', 'Payment received', 42, 8975, '2025-09-23 00:00:00'),
    ('bill', 'Bill generated', 43, 1022, '2025-09-14 00:00:00'),
    ('payment', 'Payment received', 43, 1022, '2025-09-17 00:00:00'),
    ('bill', 'Bill generated', 44, 2928, '2025-09-14 00:00:00'),
    ('payment', 'Payment received', 44, 2928, '2025-09-24 00:00:00'),
    ('bill', 'Bill generated', 45, 8320, '2025-09-14 00:00:00'),
    ('payment', 'Payment received', 45, 8320, '2025-09-21 00:00:00'),
    ('bill', 'Bill generated', 46, 6562, '2025-09-14 00:00:00'),
    ('payment', 'Payment received', 46, 6562, '2025-09-15 00:00:00'),
    ('bill', 'Bill generated', 47, 1900, '2025-09-14 00:00:00'),
    ('payment', 'Payment received', 47, 1900, '2025-09-19 00:00:00'),
    ('bill', 'Bill generated', 48, 8070, '2025-09-14 00:00:00'),
    ('payment', 'Payment received', 48, 8070, '2025-09-16 00:00:00'),
    ('bill', 'Bill generated', 49, 7192, '2025-09-14 00:00:00'),
    ('payment', 'Payment received', 49, 7192, '2025-09-23 00:00:00'),
    ('bill', 'Bill generated', 50, 5299, '2025-09-14 00:00:00'),
    ('payment', 'Payment received', 50, 5299, '2025-09-21 00:00:00'),
    ('bill', 'Bill generated', 51, 8815, '2025-09-14 00:00:00'),
    ('payment', 'Payment received', 51, 8815, '2025-09-21 00:00:00'),
    ('bill', 'Bill generated', 52, 7619, '2025-09-14 00:00:00'),
    ('payment', 'Payment received', 52, 7619, '2025-09-16 00:00:00'),
    ('bill', 'Bill generated', 53, 8551, '2025-09-14 00:00:00'),
    ('payment', 'Payment received', 53, 8551, '2025-09-18 00:00:00'),
    ('bill', 'Bill generated', 54, 6491, '2025-09-14 00:00:00'),
    ('payment', 'Payment received', 54, 6491, '2025-09-18 00:00:00'),
    ('bill', 'Bill generated', 55, 4476, '2025-09-14 00:00:00'),
    ('payment', 'Payment received', 55, 4476, '2025-09-20 00:00:00'),
    ('bill', 'Bill generated', 56, 4413, '2025-09-14 00:00:00'),
    ('payment', 'Payment received', 56, 4413, '2025-09-20 00:00:00'),
    ('bill', 'Bill generated', 57, 3692, '2025-09-14 00:00:00'),
    ('payment', 'Payment received', 57, 3692, '2025-09-21 00:00:00'),
    ('bill', 'Bill generated', 58, 8762, '2025-09-14 00:00:00'),
    ('payment', 'Payment received', 58, 8762, '2025-09-22 00:00:00'),
    ('bill', 'Bill generated', 59, 2391, '2025-09-14 00:00:00'),
    ('payment', 'Payment received', 59, 2391, '2025-09-21 00:00:00'),
    ('bill', 'Bill generated', 60, 4529, '2025-09-14 00:00:00'),
    ('payment', 'Payment received', 60, 4529, '2025-09-23 00:00:00'),
    ('bill', 'Bill generated', 1, 8861, '2025-10-14 00:00:00'),
    ('payment', 'Payment received', 1, 8861, '2025-10-19 00:00:00'),
    ('bill', 'Bill generated', 2, 6272, '2025-10-14 00:00:00'),
    ('payment', 'Payment received', 2, 6272, '2025-10-24 00:00:00'),
    ('bill', 'Bill generated', 3, 5773, '2025-10-14 00:00:00'),
    ('payment', 'Payment received', 3, 5773, '2025-10-18 00:00:00'),
    ('bill', 'Bill generated', 4, 4762, '2025-10-14 00:00:00'),
    ('payment', 'Payment received', 4, 4762, '2025-10-18 00:00:00'),
    ('bill', 'Bill generated', 5, 1016, '2025-10-14 00:00:00'),
    ('payment', 'Payment received', 5, 1016, '2025-10-18 00:00:00'),
    ('bill', 'Bill generated', 6, 4396, '2025-10-14 00:00:00'),
    ('payment', 'Payment received', 6, 4396, '2025-10-16 00:00:00'),
    ('bill', 'Bill generated', 7, 8199, '2025-10-14 00:00:00'),
    ('payment', 'Payment received', 7, 8199, '2025-10-16 00:00:00'),
    ('bill', 'Bill generated', 8, 9413, '2025-10-14 00:00:00'),
    ('payment', 'Payment received', 8, 9413, '2025-10-16 00:00:00'),
    ('bill', 'Bill generated', 9, 6227, '2025-10-14 00:00:00'),
    ('payment', 'Payment received', 9, 6227, '2025-10-22 00:00:00'),
    ('bill', 'Bill generated', 10, 9795, '2025-10-14 00:00:00'),
    ('payment', 'Payment received', 10, 9795, '2025-10-17 00:00:00'),
    ('bill', 'Bill generated', 11, 4535, '2025-10-14 00:00:00'),
    ('payment', 'Payment received', 11, 4535, '2025-10-15 00:00:00'),
    ('bill', 'Bill generated', 12, 9955, '2025-10-14 00:00:00'),
    ('payment', 'Payment received', 12, 9955, '2025-10-16 00:00:00'),
    ('bill', 'Bill generated', 13, 3415, '2025-10-14 00:00:00'),
    ('payment', 'Payment received', 13, 3415, '2025-10-21 00:00:00'),
    ('bill', 'Bill generated', 14, 3710, '2025-10-14 00:00:00'),
    ('payment', 'Payment received', 14, 3710, '2025-10-20 00:00:00'),
    ('bill', 'Bill generated', 15, 6257, '2025-10-14 00:00:00'),
    ('payment', 'Payment received', 15, 6257, '2025-10-24 00:00:00'),
    ('bill', 'Bill generated', 16, 3261, '2025-10-14 00:00:00'),
    ('payment', 'Payment received', 16, 3261, '2025-10-20 00:00:00'),
    ('bill', 'Bill generated', 17, 3051, '2025-10-14 00:00:00'),
    ('payment', 'Payment received', 17, 3051, '2025-10-22 00:00:00'),
    ('bill', 'Bill generated', 18, 2156, '2025-10-14 00:00:00'),
    ('payment', 'Payment received', 18, 2156, '2025-10-18 00:00:00'),
    ('bill', 'Bill generated', 19, 3132, '2025-10-14 00:00:00'),
    ('payment', 'Payment received', 19, 3132, '2025-10-23 00:00:00'),
    ('bill', 'Bill generated', 20, 6158, '2025-10-14 00:00:00'),
    ('payment', 'Payment received', 20, 6158, '2025-10-21 00:00:00'),
    ('bill', 'Bill generated', 21, 6267, '2025-10-14 00:00:00'),
    ('payment', 'Payment received', 21, 6267, '2025-10-19 00:00:00'),
    ('bill', 'Bill generated', 22, 5354, '2025-10-14 00:00:00'),
    ('payment', 'Payment received', 22, 5354, '2025-10-17 00:00:00'),
    ('bill', 'Bill generated', 23, 3591, '2025-10-14 00:00:00'),
    ('payment', 'Payment received', 23, 3591, '2025-10-23 00:00:00'),
    ('bill', 'Bill generated', 24, 8855, '2025-10-14 00:00:00'),
    ('payment', 'Payment received', 24, 8855, '2025-10-22 00:00:00'),
    ('bill', 'Bill generated', 25, 6867, '2025-10-14 00:00:00'),
    ('payment', 'Payment received', 25, 6867, '2025-10-20 00:00:00'),
    ('bill', 'Bill generated', 26, 6511, '2025-10-14 00:00:00'),
    ('payment', 'Payment received', 26, 6511, '2025-10-21 00:00:00'),
    ('bill', 'Bill generated', 27, 4466, '2025-10-14 00:00:00'),
    ('payment', 'Payment received', 27, 4466, '2025-10-22 00:00:00'),
    ('bill', 'Bill generated', 28, 8619, '2025-10-14 00:00:00'),
    ('payment', 'Payment received', 28, 8619, '2025-10-15 00:00:00'),
    ('bill', 'Bill generated', 29, 1618, '2025-10-14 00:00:00'),
    ('payment', 'Payment received', 29, 1618, '2025-10-21 00:00:00'),
    ('bill', 'Bill generated', 30, 3488, '2025-10-14 00:00:00'),
    ('payment', 'Payment received', 30, 3488, '2025-10-19 00:00:00'),
    ('bill', 'Bill generated', 31, 1488, '2025-10-14 00:00:00'),
    ('payment', 'Payment received', 31, 1488, '2025-10-20 00:00:00'),
    ('bill', 'Bill generated', 32, 3016, '2025-10-14 00:00:00'),
    ('payment', 'Payment received', 32, 3016, '2025-10-20 00:00:00'),
    ('bill', 'Bill generated', 33, 1774, '2025-10-14 00:00:00'),
    ('payment', 'Payment received', 33, 1774, '2025-10-15 00:00:00'),
    ('bill', 'Bill generated', 34, 7702, '2025-10-14 00:00:00'),
    ('payment', 'Payment received', 34, 7702, '2025-10-20 00:00:00'),
    ('bill', 'Bill generated', 35, 4696, '2025-10-14 00:00:00'),
    ('payment', 'Payment received', 35, 4696, '2025-10-23 00:00:00'),
    ('bill', 'Bill generated', 36, 2877, '2025-10-14 00:00:00'),
    ('payment', 'Payment received', 36, 2877, '2025-10-20 00:00:00'),
    ('bill', 'Bill generated', 37, 6996, '2025-10-14 00:00:00'),
    ('payment', 'Payment received', 37, 6996, '2025-10-15 00:00:00'),
    ('bill', 'Bill generated', 38, 7586, '2025-10-14 00:00:00'),
    ('payment', 'Payment received', 38, 7586, '2025-10-20 00:00:00'),
    ('bill', 'Bill generated', 39, 3431, '2025-10-14 00:00:00'),
    ('payment', 'Payment received', 39, 3431, '2025-10-20 00:00:00'),
    ('bill', 'Bill generated', 40, 8493, '2025-10-14 00:00:00'),
    ('payment', 'Payment received', 40, 8493, '2025-10-23 00:00:00'),
    ('bill', 'Bill generated', 41, 8882, '2025-10-14 00:00:00'),
    ('payment', 'Payment received', 41, 8882, '2025-10-19 00:00:00'),
    ('bill', 'Bill generated', 42, 2363, '2025-10-14 00:00:00'),
    ('payment', 'Payment received', 42, 2363, '2025-10-24 00:00:00'),
    ('bill', 'Bill generated', 43, 5766, '2025-10-14 00:00:00'),
    ('payment', 'Payment received', 43, 5766, '2025-10-23 00:00:00'),
    ('bill', 'Bill generated', 44, 4005, '2025-10-14 00:00:00'),
    ('payment', 'Payment received', 44, 4005, '2025-10-18 00:00:00'),
    ('bill', 'Bill generated', 45, 3876, '2025-10-14 00:00:00'),
    ('payment', 'Payment received', 45, 3876, '2025-10-18 00:00:00'),
    ('bill', 'Bill generated', 46, 4017, '2025-10-14 00:00:00'),
    ('payment', 'Payment received', 46, 4017, '2025-10-19 00:00:00'),
    ('bill', 'Bill generated', 47, 2666, '2025-10-14 00:00:00'),
    ('payment', 'Payment received', 47, 2666, '2025-10-15 00:00:00'),
    ('bill', 'Bill generated', 48, 6065, '2025-10-14 00:00:00'),
    ('payment', 'Payment received', 48, 6065, '2025-10-15 00:00:00'),
    ('bill', 'Bill generated', 49, 4578, '2025-10-14 00:00:00'),
    ('payment', 'Payment received', 49, 4578, '2025-10-18 00:00:00'),
    ('bill', 'Bill generated', 50, 9615, '2025-10-14 00:00:00'),
    ('payment', 'Payment received', 50, 9615, '2025-10-24 00:00:00'),
    ('bill', 'Bill generated', 51, 9027, '2025-10-14 00:00:00'),
    ('payment', 'Payment received', 51, 9027, '2025-10-24 00:00:00'),
    ('bill', 'Bill generated', 52, 7654, '2025-10-14 00:00:00'),
    ('payment', 'Payment received', 52, 7654, '2025-10-23 00:00:00'),
    ('bill', 'Bill generated', 53, 2845, '2025-10-14 00:00:00'),
    ('payment', 'Payment received', 53, 2845, '2025-10-21 00:00:00'),
    ('bill', 'Bill generated', 54, 1924, '2025-10-14 00:00:00'),
    ('payment', 'Payment received', 54, 1924, '2025-10-17 00:00:00'),
    ('bill', 'Bill generated', 55, 6214, '2025-10-14 00:00:00'),
    ('payment', 'Payment received', 55, 6214, '2025-10-21 00:00:00'),
    ('bill', 'Bill generated', 56, 2645, '2025-10-14 00:00:00'),
    ('bill', 'Bill generated', 57, 6224, '2025-10-14 00:00:00'),
    ('bill', 'Bill generated', 58, 1412, '2025-10-14 00:00:00'),
    ('bill', 'Bill generated', 59, 5580, '2025-10-14 00:00:00'),
    ('bill', 'Bill generated', 60, 4124, '2025-10-14 00:00:00'),
    ('bill', 'Bill generated', 1, 3522, '2025-11-13 00:00:00'),
    ('payment', 'Payment received', 1, 3522, '2025-11-22 00:00:00'),
    ('bill', 'Bill generated', 2, 4056, '2025-11-13 00:00:00'),
    ('payment', 'Payment received', 2, 4056, '2025-11-14 00:00:00'),
    ('bill', 'Bill generated', 3, 4809, '2025-11-13 00:00:00'),
    ('payment', 'Payment received', 3, 4809, '2025-11-14 00:00:00'),
    ('bill', 'Bill generated', 4, 5666, '2025-11-13 00:00:00'),
    ('payment', 'Payment received', 4, 5666, '2025-11-17 00:00:00'),
    ('bill', 'Bill generated', 5, 1963, '2025-11-13 00:00:00'),
    ('payment', 'Payment received', 5, 1963, '2025-11-19 00:00:00'),
    ('bill', 'Bill generated', 6, 7265, '2025-11-13 00:00:00'),
    ('payment', 'Payment received', 6, 7265, '2025-11-23 00:00:00'),
    ('bill', 'Bill generated', 7, 9816, '2025-11-13 00:00:00'),
    ('payment', 'Payment received', 7, 9816, '2025-11-19 00:00:00'),
    ('bill', 'Bill generated', 8, 5297, '2025-11-13 00:00:00'),
    ('payment', 'Payment received', 8, 5297, '2025-11-18 00:00:00'),
    ('bill', 'Bill generated', 9, 3976, '2025-11-13 00:00:00'),
    ('payment', 'Payment received', 9, 3976, '2025-11-22 00:00:00'),
    ('bill', 'Bill generated', 10, 9606, '2025-11-13 00:00:00'),
    ('payment', 'Payment received', 10, 9606, '2025-11-15 00:00:00'),
    ('bill', 'Bill generated', 11, 8086, '2025-11-13 00:00:00'),
    ('payment', 'Payment received', 11, 8086, '2025-11-17 00:00:00'),
    ('bill', 'Bill generated', 12, 6302, '2025-11-13 00:00:00'),
    ('payment', 'Payment received', 12, 6302, '2025-11-20 00:00:00'),
    ('bill', 'Bill generated', 13, 6276, '2025-11-13 00:00:00'),
    ('payment', 'Payment received', 13, 6276, '2025-11-16 00:00:00'),
    ('bill', 'Bill generated', 14, 2402, '2025-11-13 00:00:00'),
    ('payment', 'Payment received', 14, 2402, '2025-11-16 00:00:00'),
    ('bill', 'Bill generated', 15, 1911, '2025-11-13 00:00:00'),
    ('payment', 'Payment received', 15, 1911, '2025-11-23 00:00:00'),
    ('bill', 'Bill generated', 16, 1083, '2025-11-13 00:00:00'),
    ('payment', 'Payment received', 16, 1083, '2025-11-18 00:00:00'),
    ('bill', 'Bill generated', 17, 6947, '2025-11-13 00:00:00'),
    ('payment', 'Payment received', 17, 6947, '2025-11-17 00:00:00'),
    ('bill', 'Bill generated', 18, 6160, '2025-11-13 00:00:00'),
    ('payment', 'Payment received', 18, 6160, '2025-11-15 00:00:00'),
    ('bill', 'Bill generated', 19, 9855, '2025-11-13 00:00:00'),
    ('payment', 'Payment received', 19, 9855, '2025-11-19 00:00:00'),
    ('bill', 'Bill generated', 20, 1739, '2025-11-13 00:00:00'),
    ('payment', 'Payment received', 20, 1739, '2025-11-23 00:00:00'),
    ('bill', 'Bill generated', 21, 2993, '2025-11-13 00:00:00'),
    ('payment', 'Payment received', 21, 2993, '2025-11-21 00:00:00'),
    ('bill', 'Bill generated', 22, 7948, '2025-11-13 00:00:00'),
    ('payment', 'Payment received', 22, 7948, '2025-11-21 00:00:00'),
    ('bill', 'Bill generated', 23, 4712, '2025-11-13 00:00:00'),
    ('payment', 'Payment received', 23, 4712, '2025-11-20 00:00:00'),
    ('bill', 'Bill generated', 24, 4545, '2025-11-13 00:00:00'),
    ('payment', 'Payment received', 24, 4545, '2025-11-21 00:00:00'),
    ('bill', 'Bill generated', 25, 8946, '2025-11-13 00:00:00'),
    ('payment', 'Payment received', 25, 8946, '2025-11-20 00:00:00'),
    ('bill', 'Bill generated', 26, 9611, '2025-11-13 00:00:00'),
    ('payment', 'Payment received', 26, 9611, '2025-11-15 00:00:00'),
    ('bill', 'Bill generated', 27, 1459, '2025-11-13 00:00:00'),
    ('payment', 'Payment received', 27, 1459, '2025-11-14 00:00:00'),
    ('bill', 'Bill generated', 28, 8150, '2025-11-13 00:00:00'),
    ('payment', 'Payment received', 28, 8150, '2025-11-23 00:00:00'),
    ('bill', 'Bill generated', 29, 8573, '2025-11-13 00:00:00'),
    ('payment', 'Payment received', 29, 8573, '2025-11-17 00:00:00'),
    ('bill', 'Bill generated', 30, 1652, '2025-11-13 00:00:00'),
    ('payment', 'Payment received', 30, 1652, '2025-11-17 00:00:00'),
    ('bill', 'Bill generated', 31, 6873, '2025-11-13 00:00:00'),
    ('payment', 'Payment received', 31, 6873, '2025-11-16 00:00:00'),
    ('bill', 'Bill generated', 32, 8325, '2025-11-13 00:00:00'),
    ('payment', 'Payment received', 32, 8325, '2025-11-22 00:00:00'),
    ('bill', 'Bill generated', 33, 3481, '2025-11-13 00:00:00'),
    ('payment', 'Payment received', 33, 3481, '2025-11-15 00:00:00'),
    ('bill', 'Bill generated', 34, 4523, '2025-11-13 00:00:00'),
    ('payment', 'Payment received', 34, 4523, '2025-11-14 00:00:00'),
    ('bill', 'Bill generated', 35, 3343, '2025-11-13 00:00:00'),
    ('payment', 'Payment received', 35, 3343, '2025-11-16 00:00:00'),
    ('bill', 'Bill generated', 36, 1908, '2025-11-13 00:00:00'),
    ('payment', 'Payment received', 36, 1908, '2025-11-18 00:00:00'),
    ('bill', 'Bill generated', 37, 8425, '2025-11-13 00:00:00'),
    ('payment', 'Payment received', 37, 8425, '2025-11-15 00:00:00'),
    ('bill', 'Bill generated', 38, 4250, '2025-11-13 00:00:00'),
    ('payment', 'Payment received', 38, 4250, '2025-11-21 00:00:00'),
    ('bill', 'Bill generated', 39, 1752, '2025-11-13 00:00:00'),
    ('payment', 'Payment received', 39, 1752, '2025-11-18 00:00:00'),
    ('bill', 'Bill generated', 40, 5765, '2025-11-13 00:00:00'),
    ('payment', 'Payment received', 40, 5765, '2025-11-14 00:00:00'),
    ('bill', 'Bill generated', 41, 3367, '2025-11-13 00:00:00'),
    ('payment', 'Payment received', 41, 3367, '2025-11-14 00:00:00'),
    ('bill', 'Bill generated', 42, 8505, '2025-11-13 00:00:00'),
    ('payment', 'Payment received', 42, 8505, '2025-11-22 00:00:00'),
    ('bill', 'Bill generated', 43, 2297, '2025-11-13 00:00:00'),
    ('payment', 'Payment received', 43, 2297, '2025-11-16 00:00:00'),
    ('bill', 'Bill generated', 44, 9962, '2025-11-13 00:00:00'),
    ('payment', 'Payment received', 44, 9962, '2025-11-14 00:00:00'),
    ('bill', 'Bill generated', 45, 2593, '2025-11-13 00:00:00'),
    ('payment', 'Payment received', 45, 2593, '2025-11-15 00:00:00'),
    ('bill', 'Bill generated', 46, 3371, '2025-11-13 00:00:00'),
    ('payment', 'Payment received', 46, 3371, '2025-11-21 00:00:00'),
    ('bill', 'Bill generated', 47, 2130, '2025-11-13 00:00:00'),
    ('payment', 'Payment received', 47, 2130, '2025-11-15 00:00:00'),
    ('bill', 'Bill generated', 48, 5639, '2025-11-13 00:00:00'),
    ('payment', 'Payment received', 48, 5639, '2025-11-16 00:00:00'),
    ('bill', 'Bill generated', 49, 4649, '2025-11-13 00:00:00'),
    ('payment', 'Payment received', 49, 4649, '2025-11-21 00:00:00'),
    ('bill', 'Bill generated', 50, 5184, '2025-11-13 00:00:00'),
    ('payment', 'Payment received', 50, 5184, '2025-11-22 00:00:00'),
    ('bill', 'Bill generated', 51, 8934, '2025-11-13 00:00:00'),
    ('payment', 'Payment received', 51, 8934, '2025-11-18 00:00:00'),
    ('bill', 'Bill generated', 52, 4881, '2025-11-13 00:00:00'),
    ('payment', 'Payment received', 52, 4881, '2025-11-17 00:00:00'),
    ('bill', 'Bill generated', 53, 4751, '2025-11-13 00:00:00'),
    ('payment', 'Payment received', 53, 4751, '2025-11-19 00:00:00'),
    ('bill', 'Bill generated', 54, 4650, '2025-11-13 00:00:00'),
    ('payment', 'Payment received', 54, 4650, '2025-11-15 00:00:00'),
    ('bill', 'Bill generated', 55, 1844, '2025-11-13 00:00:00'),
    ('payment', 'Payment received', 55, 1844, '2025-11-22 00:00:00'),
    ('bill', 'Bill generated', 56, 8623, '2025-11-13 00:00:00'),
    ('bill', 'Bill generated', 57, 6897, '2025-11-13 00:00:00'),
    ('bill', 'Bill generated', 58, 2786, '2025-11-13 00:00:00'),
    ('bill', 'Bill generated', 59, 2839, '2025-11-13 00:00:00'),
    ('bill', 'Bill generated', 60, 4425, '2025-11-13 00:00:00'),
    ('bill', 'Bill generated', 1, 5737, '2025-12-13 00:00:00'),
    ('payment', 'Payment received', 1, 5737, '2025-12-15 00:00:00'),
    ('bill', 'Bill generated', 2, 3785, '2025-12-13 00:00:00'),
    ('payment', 'Payment received', 2, 3785, '2025-12-15 00:00:00'),
    ('bill', 'Bill generated', 3, 7413, '2025-12-13 00:00:00'),
    ('payment', 'Payment received', 3, 7413, '2025-12-16 00:00:00'),
    ('bill', 'Bill generated', 4, 5422, '2025-12-13 00:00:00'),
    ('payment', 'Payment received', 4, 5422, '2025-12-17 00:00:00'),
    ('bill', 'Bill generated', 5, 3008, '2025-12-13 00:00:00'),
    ('payment', 'Payment received', 5, 3008, '2025-12-20 00:00:00'),
    ('bill', 'Bill generated', 6, 3658, '2025-12-13 00:00:00'),
    ('payment', 'Payment received', 6, 3658, '2025-12-19 00:00:00'),
    ('bill', 'Bill generated', 7, 2201, '2025-12-13 00:00:00'),
    ('payment', 'Payment received', 7, 2201, '2025-12-19 00:00:00'),
    ('bill', 'Bill generated', 8, 3195, '2025-12-13 00:00:00'),
    ('payment', 'Payment received', 8, 3195, '2025-12-21 00:00:00'),
    ('bill', 'Bill generated', 9, 8230, '2025-12-13 00:00:00'),
    ('payment', 'Payment received', 9, 8230, '2025-12-20 00:00:00'),
    ('bill', 'Bill generated', 10, 5626, '2025-12-13 00:00:00'),
    ('payment', 'Payment received', 10, 5626, '2025-12-22 00:00:00'),
    ('bill', 'Bill generated', 11, 6741, '2025-12-13 00:00:00'),
    ('payment', 'Payment received', 11, 6741, '2025-12-21 00:00:00'),
    ('bill', 'Bill generated', 12, 8313, '2025-12-13 00:00:00'),
    ('payment', 'Payment received', 12, 8313, '2025-12-20 00:00:00'),
    ('bill', 'Bill generated', 13, 1410, '2025-12-13 00:00:00'),
    ('payment', 'Payment received', 13, 1410, '2025-12-14 00:00:00'),
    ('bill', 'Bill generated', 14, 4493, '2025-12-13 00:00:00'),
    ('payment', 'Payment received', 14, 4493, '2025-12-19 00:00:00'),
    ('bill', 'Bill generated', 15, 4584, '2025-12-13 00:00:00'),
    ('payment', 'Payment received', 15, 4584, '2025-12-18 00:00:00'),
    ('bill', 'Bill generated', 16, 3994, '2025-12-13 00:00:00'),
    ('payment', 'Payment received', 16, 3994, '2025-12-14 00:00:00'),
    ('bill', 'Bill generated', 17, 7284, '2025-12-13 00:00:00'),
    ('payment', 'Payment received', 17, 7284, '2025-12-23 00:00:00'),
    ('bill', 'Bill generated', 18, 7549, '2025-12-13 00:00:00'),
    ('payment', 'Payment received', 18, 7549, '2025-12-19 00:00:00'),
    ('bill', 'Bill generated', 19, 8089, '2025-12-13 00:00:00'),
    ('payment', 'Payment received', 19, 8089, '2025-12-16 00:00:00'),
    ('bill', 'Bill generated', 20, 9120, '2025-12-13 00:00:00'),
    ('payment', 'Payment received', 20, 9120, '2025-12-14 00:00:00'),
    ('bill', 'Bill generated', 21, 5364, '2025-12-13 00:00:00'),
    ('payment', 'Payment received', 21, 5364, '2025-12-23 00:00:00'),
    ('bill', 'Bill generated', 22, 9842, '2025-12-13 00:00:00'),
    ('payment', 'Payment received', 22, 9842, '2025-12-20 00:00:00'),
    ('bill', 'Bill generated', 23, 6123, '2025-12-13 00:00:00'),
    ('payment', 'Payment received', 23, 6123, '2025-12-20 00:00:00'),
    ('bill', 'Bill generated', 24, 8943, '2025-12-13 00:00:00'),
    ('payment', 'Payment received', 24, 8943, '2025-12-20 00:00:00'),
    ('bill', 'Bill generated', 25, 4917, '2025-12-13 00:00:00'),
    ('payment', 'Payment received', 25, 4917, '2025-12-16 00:00:00'),
    ('bill', 'Bill generated', 26, 2525, '2025-12-13 00:00:00'),
    ('payment', 'Payment received', 26, 2525, '2025-12-19 00:00:00'),
    ('bill', 'Bill generated', 27, 8270, '2025-12-13 00:00:00'),
    ('payment', 'Payment received', 27, 8270, '2025-12-22 00:00:00'),
    ('bill', 'Bill generated', 28, 4224, '2025-12-13 00:00:00'),
    ('payment', 'Payment received', 28, 4224, '2025-12-17 00:00:00'),
    ('bill', 'Bill generated', 29, 7250, '2025-12-13 00:00:00'),
    ('payment', 'Payment received', 29, 7250, '2025-12-21 00:00:00'),
    ('bill', 'Bill generated', 30, 3000, '2025-12-13 00:00:00'),
    ('payment', 'Payment received', 30, 3000, '2025-12-20 00:00:00'),
    ('bill', 'Bill generated', 31, 7061, '2025-12-13 00:00:00'),
    ('payment', 'Payment received', 31, 7061, '2025-12-22 00:00:00'),
    ('bill', 'Bill generated', 32, 5745, '2025-12-13 00:00:00'),
    ('payment', 'Payment received', 32, 5745, '2025-12-15 00:00:00'),
    ('bill', 'Bill generated', 33, 2494, '2025-12-13 00:00:00'),
    ('payment', 'Payment received', 33, 2494, '2025-12-14 00:00:00'),
    ('bill', 'Bill generated', 34, 1855, '2025-12-13 00:00:00'),
    ('payment', 'Payment received', 34, 1855, '2025-12-14 00:00:00'),
    ('bill', 'Bill generated', 35, 3547, '2025-12-13 00:00:00'),
    ('payment', 'Payment received', 35, 3547, '2025-12-22 00:00:00'),
    ('bill', 'Bill generated', 36, 9543, '2025-12-13 00:00:00'),
    ('payment', 'Payment received', 36, 9543, '2025-12-21 00:00:00'),
    ('bill', 'Bill generated', 37, 4560, '2025-12-13 00:00:00'),
    ('payment', 'Payment received', 37, 4560, '2025-12-21 00:00:00'),
    ('bill', 'Bill generated', 38, 2822, '2025-12-13 00:00:00'),
    ('payment', 'Payment received', 38, 2822, '2025-12-21 00:00:00'),
    ('bill', 'Bill generated', 39, 2995, '2025-12-13 00:00:00'),
    ('payment', 'Payment received', 39, 2995, '2025-12-18 00:00:00'),
    ('bill', 'Bill generated', 40, 7857, '2025-12-13 00:00:00'),
    ('payment', 'Payment received', 40, 7857, '2025-12-16 00:00:00'),
    ('bill', 'Bill generated', 41, 7137, '2025-12-13 00:00:00'),
    ('payment', 'Payment received', 41, 7137, '2025-12-20 00:00:00'),
    ('bill', 'Bill generated', 42, 3728, '2025-12-13 00:00:00'),
    ('payment', 'Payment received', 42, 3728, '2025-12-19 00:00:00'),
    ('bill', 'Bill generated', 43, 6384, '2025-12-13 00:00:00'),
    ('payment', 'Payment received', 43, 6384, '2025-12-23 00:00:00'),
    ('bill', 'Bill generated', 44, 6701, '2025-12-13 00:00:00'),
    ('payment', 'Payment received', 44, 6701, '2025-12-15 00:00:00'),
    ('bill', 'Bill generated', 45, 1038, '2025-12-13 00:00:00'),
    ('payment', 'Payment received', 45, 1038, '2025-12-19 00:00:00'),
    ('bill', 'Bill generated', 46, 1461, '2025-12-13 00:00:00'),
    ('payment', 'Payment received', 46, 1461, '2025-12-18 00:00:00'),
    ('bill', 'Bill generated', 47, 1482, '2025-12-13 00:00:00'),
    ('payment', 'Payment received', 47, 1482, '2025-12-17 00:00:00'),
    ('bill', 'Bill generated', 48, 1999, '2025-12-13 00:00:00'),
    ('payment', 'Payment received', 48, 1999, '2025-12-15 00:00:00'),
    ('bill', 'Bill generated', 49, 3558, '2025-12-13 00:00:00'),
    ('payment', 'Payment received', 49, 3558, '2025-12-17 00:00:00'),
    ('bill', 'Bill generated', 50, 6740, '2025-12-13 00:00:00'),
    ('payment', 'Payment received', 50, 6740, '2025-12-19 00:00:00'),
    ('bill', 'Bill generated', 51, 9607, '2025-12-13 00:00:00'),
    ('payment', 'Payment received', 51, 9607, '2025-12-18 00:00:00'),
    ('bill', 'Bill generated', 52, 4107, '2025-12-13 00:00:00'),
    ('payment', 'Payment received', 52, 4107, '2025-12-18 00:00:00'),
    ('bill', 'Bill generated', 53, 9190, '2025-12-13 00:00:00'),
    ('payment', 'Payment received', 53, 9190, '2025-12-18 00:00:00'),
    ('bill', 'Bill generated', 54, 3717, '2025-12-13 00:00:00'),
    ('payment', 'Payment received', 54, 3717, '2025-12-19 00:00:00'),
    ('bill', 'Bill generated', 55, 2269, '2025-12-13 00:00:00'),
    ('payment', 'Payment received', 55, 2269, '2025-12-21 00:00:00'),
    ('bill', 'Bill generated', 56, 7931, '2025-12-13 00:00:00'),
    ('bill', 'Bill generated', 57, 9326, '2025-12-13 00:00:00'),
    ('bill', 'Bill generated', 58, 5022, '2025-12-13 00:00:00'),
    ('bill', 'Bill generated', 59, 1209, '2025-12-13 00:00:00'),
    ('bill', 'Bill generated', 60, 3240, '2025-12-13 00:00:00'),
    ('bill', 'Bill generated', 1, 9333, '2026-01-12 00:00:00'),
    ('payment', 'Payment received', 1, 9333, '2026-01-15 00:00:00'),
    ('bill', 'Bill generated', 2, 9246, '2026-01-12 00:00:00'),
    ('payment', 'Payment received', 2, 9246, '2026-01-18 00:00:00'),
    ('bill', 'Bill generated', 3, 9766, '2026-01-12 00:00:00'),
    ('payment', 'Payment received', 3, 9766, '2026-01-19 00:00:00'),
    ('bill', 'Bill generated', 4, 6925, '2026-01-12 00:00:00'),
    ('payment', 'Payment received', 4, 6925, '2026-01-16 00:00:00'),
    ('bill', 'Bill generated', 5, 1198, '2026-01-12 00:00:00'),
    ('payment', 'Payment received', 5, 1198, '2026-01-16 00:00:00'),
    ('bill', 'Bill generated', 6, 7628, '2026-01-12 00:00:00'),
    ('payment', 'Payment received', 6, 7628, '2026-01-17 00:00:00'),
    ('bill', 'Bill generated', 7, 1530, '2026-01-12 00:00:00'),
    ('payment', 'Payment received', 7, 1530, '2026-01-13 00:00:00'),
    ('bill', 'Bill generated', 8, 4677, '2026-01-12 00:00:00'),
    ('payment', 'Payment received', 8, 4677, '2026-01-22 00:00:00'),
    ('bill', 'Bill generated', 9, 8638, '2026-01-12 00:00:00'),
    ('payment', 'Payment received', 9, 8638, '2026-01-15 00:00:00'),
    ('bill', 'Bill generated', 10, 2589, '2026-01-12 00:00:00'),
    ('payment', 'Payment received', 10, 2589, '2026-01-21 00:00:00'),
    ('bill', 'Bill generated', 11, 5511, '2026-01-12 00:00:00'),
    ('payment', 'Payment received', 11, 5511, '2026-01-22 00:00:00'),
    ('bill', 'Bill generated', 12, 8620, '2026-01-12 00:00:00'),
    ('payment', 'Payment received', 12, 8620, '2026-01-16 00:00:00'),
    ('bill', 'Bill generated', 13, 3299, '2026-01-12 00:00:00'),
    ('payment', 'Payment received', 13, 3299, '2026-01-15 00:00:00'),
    ('bill', 'Bill generated', 14, 4401, '2026-01-12 00:00:00'),
    ('payment', 'Payment received', 14, 4401, '2026-01-18 00:00:00'),
    ('bill', 'Bill generated', 15, 4464, '2026-01-12 00:00:00'),
    ('payment', 'Payment received', 15, 4464, '2026-01-15 00:00:00'),
    ('bill', 'Bill generated', 16, 8725, '2026-01-12 00:00:00'),
    ('payment', 'Payment received', 16, 8725, '2026-01-16 00:00:00'),
    ('bill', 'Bill generated', 17, 9002, '2026-01-12 00:00:00'),
    ('payment', 'Payment received', 17, 9002, '2026-01-20 00:00:00'),
    ('bill', 'Bill generated', 18, 1629, '2026-01-12 00:00:00'),
    ('payment', 'Payment received', 18, 1629, '2026-01-20 00:00:00'),
    ('bill', 'Bill generated', 19, 6085, '2026-01-12 00:00:00'),
    ('payment', 'Payment received', 19, 6085, '2026-01-14 00:00:00'),
    ('bill', 'Bill generated', 20, 9364, '2026-01-12 00:00:00'),
    ('payment', 'Payment received', 20, 9364, '2026-01-21 00:00:00'),
    ('bill', 'Bill generated', 21, 7606, '2026-01-12 00:00:00'),
    ('payment', 'Payment received', 21, 7606, '2026-01-20 00:00:00'),
    ('bill', 'Bill generated', 22, 6041, '2026-01-12 00:00:00'),
    ('payment', 'Payment received', 22, 6041, '2026-01-20 00:00:00'),
    ('bill', 'Bill generated', 23, 7491, '2026-01-12 00:00:00'),
    ('payment', 'Payment received', 23, 7491, '2026-01-20 00:00:00'),
    ('bill', 'Bill generated', 24, 2330, '2026-01-12 00:00:00'),
    ('payment', 'Payment received', 24, 2330, '2026-01-15 00:00:00'),
    ('bill', 'Bill generated', 25, 8597, '2026-01-12 00:00:00'),
    ('payment', 'Payment received', 25, 8597, '2026-01-15 00:00:00'),
    ('bill', 'Bill generated', 26, 2562, '2026-01-12 00:00:00'),
    ('payment', 'Payment received', 26, 2562, '2026-01-22 00:00:00'),
    ('bill', 'Bill generated', 27, 4748, '2026-01-12 00:00:00'),
    ('payment', 'Payment received', 27, 4748, '2026-01-17 00:00:00'),
    ('bill', 'Bill generated', 28, 3619, '2026-01-12 00:00:00'),
    ('payment', 'Payment received', 28, 3619, '2026-01-18 00:00:00'),
    ('bill', 'Bill generated', 29, 2725, '2026-01-12 00:00:00'),
    ('payment', 'Payment received', 29, 2725, '2026-01-21 00:00:00'),
    ('bill', 'Bill generated', 30, 4186, '2026-01-12 00:00:00'),
    ('payment', 'Payment received', 30, 4186, '2026-01-21 00:00:00'),
    ('bill', 'Bill generated', 31, 2381, '2026-01-12 00:00:00'),
    ('payment', 'Payment received', 31, 2381, '2026-01-18 00:00:00'),
    ('bill', 'Bill generated', 32, 3813, '2026-01-12 00:00:00'),
    ('payment', 'Payment received', 32, 3813, '2026-01-13 00:00:00'),
    ('bill', 'Bill generated', 33, 7205, '2026-01-12 00:00:00'),
    ('payment', 'Payment received', 33, 7205, '2026-01-16 00:00:00'),
    ('bill', 'Bill generated', 34, 5288, '2026-01-12 00:00:00'),
    ('payment', 'Payment received', 34, 5288, '2026-01-18 00:00:00'),
    ('bill', 'Bill generated', 35, 2765, '2026-01-12 00:00:00'),
    ('payment', 'Payment received', 35, 2765, '2026-01-14 00:00:00'),
    ('bill', 'Bill generated', 36, 7005, '2026-01-12 00:00:00'),
    ('payment', 'Payment received', 36, 7005, '2026-01-21 00:00:00'),
    ('bill', 'Bill generated', 37, 8492, '2026-01-12 00:00:00'),
    ('payment', 'Payment received', 37, 8492, '2026-01-15 00:00:00'),
    ('bill', 'Bill generated', 38, 3714, '2026-01-12 00:00:00'),
    ('payment', 'Payment received', 38, 3714, '2026-01-18 00:00:00'),
    ('bill', 'Bill generated', 39, 9956, '2026-01-12 00:00:00'),
    ('payment', 'Payment received', 39, 9956, '2026-01-21 00:00:00'),
    ('bill', 'Bill generated', 40, 2604, '2026-01-12 00:00:00'),
    ('payment', 'Payment received', 40, 2604, '2026-01-21 00:00:00'),
    ('bill', 'Bill generated', 41, 9971, '2026-01-12 00:00:00'),
    ('payment', 'Payment received', 41, 9971, '2026-01-21 00:00:00'),
    ('bill', 'Bill generated', 42, 8342, '2026-01-12 00:00:00'),
    ('payment', 'Payment received', 42, 8342, '2026-01-13 00:00:00'),
    ('bill', 'Bill generated', 43, 8409, '2026-01-12 00:00:00'),
    ('payment', 'Payment received', 43, 8409, '2026-01-22 00:00:00'),
    ('bill', 'Bill generated', 44, 9894, '2026-01-12 00:00:00'),
    ('payment', 'Payment received', 44, 9894, '2026-01-16 00:00:00'),
    ('bill', 'Bill generated', 45, 9393, '2026-01-12 00:00:00'),
    ('payment', 'Payment received', 45, 9393, '2026-01-19 00:00:00'),
    ('bill', 'Bill generated', 46, 8717, '2026-01-12 00:00:00'),
    ('payment', 'Payment received', 46, 8717, '2026-01-13 00:00:00'),
    ('bill', 'Bill generated', 47, 2314, '2026-01-12 00:00:00'),
    ('payment', 'Payment received', 47, 2314, '2026-01-18 00:00:00'),
    ('bill', 'Bill generated', 48, 1626, '2026-01-12 00:00:00'),
    ('payment', 'Payment received', 48, 1626, '2026-01-21 00:00:00'),
    ('bill', 'Bill generated', 49, 4107, '2026-01-12 00:00:00'),
    ('payment', 'Payment received', 49, 4107, '2026-01-14 00:00:00'),
    ('bill', 'Bill generated', 50, 1947, '2026-01-12 00:00:00'),
    ('payment', 'Payment received', 50, 1947, '2026-01-21 00:00:00'),
    ('bill', 'Bill generated', 51, 2656, '2026-01-12 00:00:00'),
    ('payment', 'Payment received', 51, 2656, '2026-01-16 00:00:00'),
    ('bill', 'Bill generated', 52, 2950, '2026-01-12 00:00:00'),
    ('payment', 'Payment received', 52, 2950, '2026-01-20 00:00:00'),
    ('bill', 'Bill generated', 53, 2955, '2026-01-12 00:00:00'),
    ('payment', 'Payment received', 53, 2955, '2026-01-14 00:00:00'),
    ('bill', 'Bill generated', 54, 4413, '2026-01-12 00:00:00'),
    ('payment', 'Payment received', 54, 4413, '2026-01-14 00:00:00'),
    ('bill', 'Bill generated', 55, 8866, '2026-01-12 00:00:00'),
    ('payment', 'Payment received', 55, 8866, '2026-01-14 00:00:00'),
    ('bill', 'Bill generated', 56, 5093, '2026-01-12 00:00:00'),
    ('bill', 'Bill generated', 57, 1311, '2026-01-12 00:00:00'),
    ('bill', 'Bill generated', 58, 1313, '2026-01-12 00:00:00'),
    ('bill', 'Bill generated', 59, 3314, '2026-01-12 00:00:00'),
    ('bill', 'Bill generated', 60, 6083, '2026-01-12 00:00:00');
GO

